1;6
1;4
1;0
1;0
1;0
1;0
1;0
1;3
1;11
1;2
1;7
1;2
1;1
1;10
1;4
1;56
1;12
1;7
2;7
1;9
1;11
1;0
1;13
1;4
1;19
1;7
1;1
1;2
1;13
1;8
1;1
1;3
1;17
1;7
1;18
1;0
1;7
1;11
1;29
1;14
1;2
2;19
1;0
1;4
1;9
1;13
1;14
1;2
1;4
1;1
1;8
1;1
1;12
1;0
1;0
1;2
1;0
1;1
1;0
1;0
1;0
1;0
1;0
1;0
1;0
1;2
1;1
1;0
1;1
1;1
1;0
1;1
1;0
1;0
1;0
1;0
1;0
1;1
1;0
1;0
1;1
1;0
1;0
1;1
1;2
1;0
1;0
1;1
1;0
1;0
1;1
1;1
1;5
1;0
1;1
1;2
1;0
1;1
1;1
1;0
1;1
1;11
1;3
1;2
1;1
1;0
1;1
1;0
1;0
1;1
1;2
1;0
1;4
1;0
1;0
1;1
2;1
1;1
2;1
3;3
4;0
5;0
6;3
7;0
8;1
9;0
10;0
11;2
12;4
13;5
14;0
15;0
16;2
17;0
18;1
19;5
20;1
21;2
22;0
23;7
24;4
25;0
26;0
27;4
28;0
29;0
30;0
31;3
32;0
1;3
2;0
3;1
4;3
5;0
6;3
7;0
8;1
9;0
10;0
11;4
12;0
13;2
14;0
15;4
16;2
17;2
18;6
19;0
20;1
21;6
22;0
23;0
24;1
25;1
26;0
27;2
28;0
29;2
30;1
31;0
32;1
33;0
34;0
35;3
36;1
37;3
38;1
39;4
40;1
41;0
42;0
43;0
44;0
45;2
46;2
47;1
48;1
49;0
50;1
51;0
52;0
53;0
54;4
55;0
56;3
57;0
58;1
59;2
60;3
61;1
62;4
63;0
64;8
65;1
66;1
67;3
68;0
69;0
70;1
71;4
72;0
73;1
74;0
75;2
76;3
77;8
78;5
79;0
80;0
81;0
82;0
83;0
84;4
85;0
86;0
87;1
88;2
89;0
90;4
91;0
92;3
93;3
94;2
95;0
96;1
97;4
98;0
99;0
100;1
101;0
102;3
103;0
104;1
105;4
106;0
107;0
108;0
109;0
110;1
111;0
112;1
113;1
114;0
115;0
116;2
117;2
118;0
119;4
120;1
121;1
122;2
123;4
124;0
125;0
126;1
127;2
128;3
129;1
130;1
131;1
132;3
133;0
134;1
135;0
136;0
137;2
138;0
139;2
140;5
141;3
142;1
143;0
144;0
145;4
146;0
147;3
148;6
149;3
150;1
151;0
152;5
153;3
154;2
155;3
156;1
157;0
158;2
159;1
160;0
161;1
162;3
163;2
164;1
165;0
166;1
167;3
168;3
169;0
170;0
171;0
172;1
173;0
174;0
175;0
176;3
177;4
178;0
179;0
180;1
181;6
182;5
183;0
184;1
185;0
186;4
187;0
188;0
189;2
190;2
191;0
192;0
193;0
194;1
195;1
196;1
197;1
198;1
199;2
200;0
1;0
2;1
3;0
4;1
5;0
6;2
7;1
8;0
9;2
10;0
11;1
12;3
13;4
14;0
15;2
16;2
17;0
18;8
19;0
20;1
21;1
22;1
23;2
24;4
25;1
26;0
27;0
28;1
29;1
30;0
31;4
32;2
33;6
34;2
35;0
36;1
37;0
38;0
39;1
40;2
41;1
42;0
43;0
44;1
45;1
46;1
47;0
48;2
49;5
50;3
51;2
52;3
53;2
54;8
55;0
56;5
57;0
58;0
59;0
60;0
61;1
62;0
63;0
64;0
65;6
66;0
67;1
68;4
69;3
70;0
71;2
72;0
73;0
74;0
75;4
76;1
77;0
78;0
79;3
80;0
81;2
82;0
83;1
84;0
85;3
86;0
87;0
88;11
89;3
90;0
91;4
92;1
93;3
94;1
95;3
96;1
97;2
98;0
99;0
100;3
101;3
102;0
103;0
104;1
105;1
106;2
107;2
108;2
109;1
110;0
111;1
112;4
113;5
114;0
115;1
116;0
117;1
118;2
119;0
120;0
121;0
122;1
123;0
124;1
125;11
126;0
127;2
128;2
129;1
130;0
131;2
132;0
133;4
134;1
135;3
136;2
137;0
138;2
139;1
140;8
141;0
142;2
143;0
144;0
145;0
146;5
147;0
148;4
149;0
150;2
151;1
152;4
153;0
154;0
155;0
156;2
157;2
158;1
159;0
160;0
161;2
162;4
163;1
164;7
165;1
166;0
167;0
168;0
169;2
170;2
171;7
172;4
173;0
174;1
175;1
176;1
177;6
178;0
179;1
180;3
181;6
182;0
183;0
184;3
185;2
186;1
187;2
188;7
189;2
190;0
191;4
192;0
193;0
194;1
195;1
196;1
197;0
198;1
199;2
200;0
201;1
202;1
203;2
204;2
205;1
206;0
207;5
1;0
2;12
3;3
4;6
5;0
6;0
7;1
8;4
9;1
10;0
11;1
12;0
13;0
14;0
15;0
16;0
17;0
18;2
19;2
20;2
21;5
22;3
23;2
24;3
25;0
26;3
27;0
28;0
29;4
30;0
31;12
32;2
33;2
34;0
35;1
36;3
37;2
38;0
39;1
40;0
41;6
42;1
43;0
44;1
45;2
46;5
47;5
48;7
49;2
50;0
51;0
52;0
53;16
54;11
55;1
56;0
57;2
58;0
59;0
60;5
61;2
62;2
63;0
64;6
65;0
66;1
67;4
68;2
69;0
70;0
71;0
72;0
73;0
74;1
75;2
76;3
77;0
78;2
79;8
80;0
81;1
82;2
83;0
84;3
85;0
86;0
87;0
88;0
89;0
90;0
91;0
92;8
93;2
94;4
95;2
96;0
97;1
98;5
99;3
100;0
101;0
102;1
103;5
104;0
105;1
106;2
107;0
108;0
109;1
110;11
111;0
112;0
113;2
114;3
115;1
116;1
117;1
118;1
119;1
120;1
121;3
122;1
123;1
124;2
125;0
126;0
127;1
128;1
129;3
130;1
131;2
132;3
133;1
134;3
135;2
136;0
137;1
138;7
139;0
140;0
141;0
142;0
143;1
144;0
145;2
146;1
147;2
148;0
149;2
150;0
151;7
152;0
153;3
154;0
155;2
156;4
157;1
158;2
159;0
160;1
161;6
162;5
163;6
164;3
165;5
166;0
167;3
168;6
169;1
170;5
171;0
172;3
173;1
174;0
175;1
176;1
177;3
178;1
179;0
180;1
181;0
182;2
183;0
184;0
185;0
186;0
187;0
188;1
189;1
190;2
191;2
192;1
193;0
194;12
1;3
2;1
3;0
4;0
5;0
6;2
7;0
8;1
9;0
10;2
11;3
12;3
13;1
14;0
15;3
16;0
17;0
18;0
19;1
20;2
21;4
22;3
23;2
24;2
25;5
26;2
27;0
28;1
29;3
30;4
31;0
32;0
33;1
34;0
35;2
36;2
37;0
38;0
39;1
40;4
41;0
42;0
43;2
44;1
45;0
46;0
47;0
48;0
49;0
50;3
51;1
52;0
53;0
54;1
55;2
56;4
57;3
58;0
59;0
60;1
61;4
62;1
63;3
64;1
65;0
66;0
67;4
68;1
69;3
70;1
71;3
72;1
73;0
74;4
75;2
76;2
77;2
78;0
79;0
80;1
81;0
82;0
83;2
84;1
85;0
86;1
87;1
88;0
89;0
90;0
91;6
92;1
93;2
94;2
95;1
96;0
97;7
98;3
99;2
100;5
101;0
102;0
103;1
104;0
105;1
106;1
107;0
108;2
109;0
110;4
111;1
112;0
113;1
114;5
115;1
116;1
117;4
118;2
119;0
120;3
121;1
122;6
123;1
124;3
125;0
126;0
127;2
128;2
129;12
130;1
131;0
132;0
133;0
134;0
135;0
136;4
137;0
138;0
139;1
140;0
141;0
142;9
143;3
144;1
145;1
146;1
147;0
148;2
149;3
150;2
151;0
152;0
153;0
154;0
155;0
156;3
157;5
158;0
159;6
160;4
161;10
162;8
163;0
164;0
165;2
166;1
167;0
168;1
169;0
170;0
171;8
172;7
173;1
174;1
175;0
176;0
177;0
178;1
179;5
180;0
181;4
182;5
183;0
184;0
185;1
186;2
187;2
188;0
189;3
190;1
191;2
192;0
193;0
194;0
195;5
196;1
197;0
198;2
199;16
200;1
201;1
202;0
203;0
204;1
205;0
206;0
207;0
208;2
209;0
210;0
211;0
212;0
213;0
214;0
215;0
216;1
217;6
218;0
219;3
220;2
221;0
222;0
223;2
224;2
225;0
226;0
227;2
228;2
229;2
230;4
231;1
232;0
233;2
234;1
235;2
236;1
237;0
238;0
239;2
240;1
241;0
242;0
243;3
244;4
245;2
246;6
247;4
248;7
249;0
250;2
251;4
252;0
253;1
254;0
255;0
256;1
257;3
258;3
259;1
260;0
261;2
262;6
263;1
264;1
265;5
266;0
267;3
268;0
269;4
270;4
271;0
272;1
273;0
274;1
275;0
276;0
277;3
278;3
279;1
280;0
281;0
282;1
283;7
284;0
285;0
286;0
287;0
288;0
289;4
290;4
291;0
292;0
293;1
294;0
295;0
296;2
297;1
298;1
299;0
300;3
301;0
302;0
303;0
304;0
305;3
306;0
307;1
308;0
309;1
310;1
311;3
312;0
313;2
314;1
315;0
316;1
317;0
318;6
319;3
320;1
321;0
322;3
323;0
324;0
325;2
326;0
327;3
328;1
329;1
330;0
331;0
332;2
333;2
334;2
335;0
336;1
337;0
338;1
339;1
340;3
341;2
342;0
343;1
344;0
345;2
346;0
347;1
348;0
349;1
350;0
351;8
352;1
353;1
354;2
355;2
356;0
357;0
358;1
359;1
360;2
361;4
362;0
363;1
364;1
365;0
366;4
367;2
368;3
369;2
370;1
371;1
372;3
373;4
374;4
375;0
376;0
377;0
378;0
379;1
380;0
381;5
382;0
383;0
384;2
385;2
386;1
387;0
388;3
389;1
390;5
391;2
392;0
393;0
394;0
395;0
396;5
397;3
398;0
399;1
400;6
401;1
402;0
403;1
404;1
405;3
406;4
407;1
408;3
409;1
410;1
411;3
412;0
413;0
414;3
415;3
416;1
417;0
418;0
419;0
420;0
421;1
422;1
423;2
424;0
425;1
426;0
427;1
428;0
429;1
430;4
431;5
432;1
433;3
434;1
435;5
436;2
437;0
438;0
439;1
440;0
441;2
442;0
443;3
444;0
445;0
446;1
447;1
448;1
449;5
450;2
451;4
452;2
453;1
454;2
455;0
456;1
457;1
458;5
459;0
460;2
461;3
462;0
463;1
464;0
465;0
466;0
467;5
468;0
469;2
470;5
471;0
472;3
473;0
474;0
475;3
476;2
477;0
478;3
479;0
480;0
481;4
482;0
483;5
484;2
485;0
486;0
487;0
488;1
489;0
490;3
491;0
492;0
493;0
494;0
495;0
496;2
497;1
498;2
499;2
500;0
501;0
502;1
503;5
504;1
505;2
506;1
507;3
508;1
509;1
510;3
511;1
512;0
513;0
514;5
515;0
516;2
517;0
518;1
519;0
520;2
521;2
522;10
523;1
524;1
525;2
526;0
527;6
528;4
529;0
530;0
531;2
532;0
533;1
534;0
535;0
536;0
537;3
538;0
539;0
540;6
541;3
542;2
543;2
544;0
545;2
546;1
547;0
548;0
549;0
550;4
551;1
552;8
553;2
554;2
555;0
556;0
557;0
558;2
559;3
560;0
561;1
562;4
563;2
564;1
565;0
566;2
567;0
568;1
569;6
570;6
571;0
572;0
573;1
574;0
575;1
576;2
577;1
578;0
579;2
580;0
581;3
582;2
583;0
584;0
585;2
586;1
587;1
588;2
589;4
590;1
591;2
592;4
593;0
594;0
595;0
596;1
597;0
598;5
599;0
600;0
601;0
602;0
603;0
604;5
605;3
606;4
607;10
608;1
609;0
610;1
611;5
612;0
613;0
614;0
615;0
616;1
617;1
618;0
619;0
620;0
621;1
622;0
623;10
624;5
625;2
626;0
627;1
628;2
629;4
630;0
631;0
632;2
633;1
634;4
635;0
636;0
637;0
638;7
639;2
640;1
641;0
642;1
643;0
644;2
645;2
646;0
647;0
648;0
649;0
650;5
651;0
652;0
653;6
654;1
655;0
656;3
657;5
658;5
659;0
660;1
661;6
662;0
663;1
664;0
665;3
666;0
667;0
668;2
669;0
670;0
671;2
672;0
673;0
674;0
675;0
676;4
677;1
678;6
679;1
680;0
681;0
682;1
683;2
684;0
685;1
686;0
687;1
688;0
689;0
690;1
691;0
692;0
693;0
694;0
695;2
696;1
697;0
698;4
699;1
700;1
701;1
702;0
703;6
704;0
705;1
706;0
707;0
708;0
709;0
710;1
711;0
712;1
713;0
714;0
715;0
716;0
717;4
718;0
719;2
720;9
721;3
722;3
723;0
724;1
725;2
726;2
727;1
728;1
729;4
730;0
731;0
732;0
733;1
734;0
735;6
736;0
737;1
738;2
739;2
740;3
741;1
742;2
743;0
744;1
745;1
746;0
747;0
748;4
749;2
750;2
751;2
752;1
753;5
754;0
755;0
756;3
757;2
758;4
759;0
760;0
761;1
762;1
763;1
764;3
765;5
766;9
767;2
768;2
769;3
770;2
771;0
772;0
773;2
774;3
775;1
776;1
777;0
778;0
779;1
780;0
781;1
782;1
783;0
784;0
785;3
786;0
787;4
788;5
789;2
790;1
791;2
792;2
793;5
794;0
795;3
796;0
797;1
798;0
799;2
800;0
801;0
802;0
803;5
804;9
805;5
806;3
807;8
808;3
809;1
810;1
811;5
812;1
813;3
814;4
815;0
816;0
817;0
818;1
819;2
820;1
821;1
822;1
823;1
824;2
825;0
826;3
827;3
828;7
829;0
830;1
831;3
832;6
833;0
834;3
835;1
836;2
837;1
838;1
839;0
840;2
841;8
842;1
843;2
844;0
845;0
846;2
847;1
848;0
849;3
850;2
851;1
852;0
853;0
854;1
855;0
856;0
857;0
858;0
859;0
860;5
861;1
862;0
863;1
864;0
865;0
866;2
867;5
868;0
869;0
870;1
871;0
872;4
873;0
874;4
875;0
876;1
877;3
878;0
879;3
880;0
881;1
882;0
883;1
884;0
885;0
886;1
887;0
888;1
889;3
890;3
891;4
892;1
893;0
894;7
895;0
896;1
897;4
898;2
899;0
900;0
901;3
902;0
903;2
904;4
905;5
906;1
907;1
908;0
909;2
910;0
911;1
912;0
913;2
914;6
915;0
916;0
917;2
918;1
919;1
920;0
921;1
922;1
923;0
924;0
925;0
926;2
927;1
928;11
929;1
930;0
931;8
932;0
933;0
934;1
935;1
936;5
937;0
938;3
939;1
940;0
941;2
942;0
943;0
944;0
945;0
946;0
947;0
948;1
949;0
950;2
951;1
952;0
953;0
954;0
955;2
956;1
957;0
958;0
959;0
960;1
961;3
962;0
963;1
964;1
965;0
966;7
967;0
968;0
969;1
970;1
971;0
972;4
973;1
974;0
975;0
976;2
977;4
978;1
979;1
980;0
981;0
982;0
983;1
984;6
985;0
986;6
987;3
988;0
989;9
990;0
991;1
992;0
993;3
994;3
995;1
996;1
997;0
998;1
999;2
1000;0
1001;2
1002;0
1003;0
1004;2
1005;2
1006;0
1007;0
1008;2
1009;2
1010;0
1011;2
1012;9
1013;3
1014;0
1015;0
1016;0
1017;5
1018;0
1019;6
1020;0
1021;1
1022;3
1023;4
1024;6
1025;5
1026;1
1027;0
1028;0
1029;0
1030;1
1031;3
1032;0
1033;0
1034;3
1035;2
1036;0
1037;1
1038;0
1039;0
1040;1
1041;1
1042;2
1043;3
1044;0
1045;1
1046;3
1047;1
1048;5
1049;0
1050;1
1051;0
1052;1
1053;3
1054;0
1055;0
1056;0
1057;4
1058;6
1059;8
1060;0
1061;2
1062;1
1063;0
1064;2
1065;0
1066;1
1067;1
1068;0
1069;0
1070;0
1071;0
1072;0
1073;0
1074;4
1075;3
1076;2
1077;3
1078;0
1079;1
1080;2
1081;0
1082;0
1083;0
1084;1
1085;0
1086;3
1087;2
1088;2
1089;3
1090;2
1091;5
1092;2
1093;1
1094;1
1095;0
1096;1
1097;3
1098;0
1099;5
1100;0
1101;0
1102;0
1103;2
1104;1
1105;6
1106;1
1107;1
1108;8
1109;3
1110;1
1111;0
1112;1
1113;0
1114;0
1115;0
1116;0
1117;1
1118;2
1119;1
1120;3
1121;2
1122;5
1123;9
1124;0
1125;0
1126;1
1127;0
1128;0
1129;0
1130;0
1131;2
1132;0
1133;0
1134;0
1135;1
1136;1
1137;4
1138;0
1139;3
1140;2
1141;0
1142;0
1143;0
1144;1
1145;0
1146;3
1147;0
1148;2
1149;0
1150;0
1151;1
1152;0
1153;0
1154;0
1155;5
1156;2
1157;0
1158;0
1159;0
1160;3
1161;0
1162;0
1163;4
1164;3
1165;1
1166;2
1167;2
1168;2
1169;3
1170;1
1171;0
1172;1
1173;8
1174;0
1175;1
1176;11
1177;6
1178;1
1179;0
1180;1
1181;5
1182;4
1183;0
1184;0
1185;2
1186;0
1187;0
1188;2
1189;0
1190;0
1191;0
1192;1
1193;3
1194;0
1195;0
1196;1
1197;0
1198;2
1199;1
1200;2
1201;1
1202;3
1203;0
1204;1
1205;5
1206;3
1207;0
1208;0
1;0
2;1
3;0
4;1
5;1
6;0
7;0
8;0
9;1
10;0
11;0
12;0
13;0
14;4
15;2
16;0
17;2
18;5
19;2
20;1
21;0
22;1
23;4
24;1
25;0
26;2
27;4
28;2
29;2
30;5
31;0
32;0
33;1
34;0
35;2
36;0
37;1
38;1
39;3
40;0
41;1
42;0
43;1
44;1
45;2
46;1
47;4
48;1
49;6
50;4
51;0
52;0
53;0
54;0
55;1
56;0
57;3
58;0
59;1
60;0
61;4
62;0
63;5
64;1
65;1
66;0
67;2
68;4
69;0
70;2
71;2
72;14
73;2
74;1
75;0
76;0
77;2
78;1
79;1
80;0
81;1
82;1
83;4
84;0
85;2
86;0
87;3
88;1
89;4
90;0
91;4
92;0
93;1
94;0
95;3
96;0
97;1
98;4
99;1
100;3
101;0
102;1
103;0
104;1
105;1
106;0
107;0
108;0
109;0
110;6
111;0
112;0
113;2
114;1
115;3
116;3
117;2
118;1
119;0
120;2
121;0
122;0
123;0
124;2
125;1
126;1
127;0
128;0
129;0
130;0
131;2
132;3
133;1
134;0
135;3
136;4
137;0
138;0
139;3
140;0
141;0
142;2
143;1
144;1
145;3
146;4
147;0
148;1
149;2
150;1
151;0
152;0
153;0
154;1
155;1
156;0
157;2
158;0
159;1
160;0
161;2
162;2
163;4
164;3
165;0
166;0
167;3
168;1
169;0
170;0
171;0
172;5
173;0
174;1
175;10
176;0
177;2
178;2
179;0
180;0
181;0
182;0
183;2
184;0
185;2
186;6
187;0
188;0
189;0
190;0
191;0
192;0
193;1
194;4
195;6
196;2
197;2
198;3
199;0
200;0
201;0
202;1
203;5
204;1
205;0
206;0
207;1
208;3
209;1
210;1
211;0
212;0
213;1
214;0
215;2
216;0
217;0
218;0
219;3
220;0
221;2
222;0
223;3
224;0
225;0
226;3
227;3
228;0
229;0
230;2
231;3
232;0
233;0
234;3
235;10
236;1
237;0
238;1
239;0
240;1
241;1
242;1
243;11
244;2
245;2
246;2
247;2
248;0
249;2
250;2
251;0
252;0
253;3
254;1
255;6
256;0
257;1
258;4
259;0
260;3
261;3
262;2
263;3
264;7
265;0
266;1
267;8
268;3
269;1
270;1
271;3
272;0
273;0
274;0
275;0
276;0
277;2
278;0
279;0
280;2
281;1
282;2
283;2
284;0
285;0
286;2
287;6
288;0
289;0
290;0
291;0
292;2
293;2
294;0
295;1
296;0
297;0
298;15
299;0
300;1
301;1
302;2
303;0
304;1
305;2
306;0
307;10
308;5
309;0
310;1
311;2
312;14
313;3
314;0
315;7
316;5
317;1
318;3
319;0
320;0
321;0
322;1
323;3
324;0
325;0
326;1
327;0
328;0
329;0
330;2
331;4
332;0
333;4
334;3
335;2
336;1
337;0
338;2
339;2
340;2
341;0
342;0
343;1
344;0
345;0
346;4
347;3
348;0
349;0
350;4
351;1
352;0
353;1
354;0
355;2
356;0
357;0
358;1
359;0
360;0
361;3
362;1
363;0
364;1
365;2
366;2
367;0
368;1
369;0
370;0
371;3
372;1
373;0
374;3
375;0
376;1
377;1
378;1
379;0
380;1
381;3
382;4
383;0
384;5
385;0
386;4
387;1
388;0
389;2
390;2
391;1
392;5
393;1
394;0
395;0
396;2
397;1
398;2
399;1
400;0
401;2
402;2
403;0
404;1
405;0
406;0
407;1
408;1
409;1
410;3
411;1
412;1
413;3
414;0
415;2
416;2
417;0
418;1
419;0
420;3
421;3
422;0
423;0
424;0
425;1
426;0
427;0
428;0
429;2
430;3
431;5
432;2
433;5
434;2
435;10
436;1
437;0
438;1
439;4
440;0
441;0
442;0
443;3
444;0
445;3
446;1
447;0
448;2
449;0
450;6
451;0
452;2
453;0
454;2
455;0
456;5
457;2
458;1
459;1
460;0
461;0
462;2
463;0
464;0
465;3
466;3
467;10
468;0
469;2
470;1
471;5
472;2
473;3
474;1
475;1
476;3
477;3
478;0
479;1
480;6
481;0
482;0
483;2
484;9
485;1
486;0
487;0
488;0
489;2
490;2
491;2
492;0
493;0
494;2
495;1
496;1
497;3
498;10
499;0
500;0
501;0
502;1
503;2
504;0
505;0
506;0
507;3
508;3
509;4
510;3
511;1
512;0
513;0
514;0
515;5
516;4
517;0
518;1
519;1
520;3
521;0
522;7
523;0
524;1
525;1
526;2
527;0
528;0
529;4
530;0
531;1
532;0
533;2
534;3
535;0
536;0
537;0
538;1
539;0
540;1
541;3
542;1
543;0
544;2
545;2
546;1
547;3
548;0
549;0
550;0
551;1
552;5
553;1
554;0
555;0
556;0
557;4
558;6
559;6
560;1
561;0
562;10
563;1
564;0
565;2
566;0
567;2
568;1
569;2
570;4
571;0
572;2
573;2
574;2
575;7
576;3
577;0
578;1
579;4
580;0
581;3
582;7
583;2
584;6
585;0
586;0
587;2
588;2
589;0
590;1
591;0
592;1
593;3
594;4
595;3
596;5
597;3
598;1
599;0
600;0
601;2
602;2
603;3
604;1
605;4
606;0
607;2
608;8
609;7
610;1
611;1
612;1
613;5
614;0
615;0
616;3
617;0
618;0
619;0
620;0
621;2
622;1
623;4
624;0
625;1
626;3
627;1
628;4
629;1
630;0
631;0
632;1
633;1
634;0
635;1
636;0
637;7
638;0
639;6
640;3
641;0
642;0
643;2
644;4
645;0
646;1
647;0
648;0
649;1
650;7
651;5
652;2
653;0
654;0
655;2
656;2
657;7
658;2
659;1
660;2
661;3
662;2
663;1
664;0
665;2
666;0
667;9
668;0
669;0
670;3
671;2
672;6
673;0
674;4
675;0
676;0
677;1
678;1
679;2
680;2
681;0
682;1
683;1
684;0
685;0
686;0
687;1
688;3
689;3
690;0
691;0
692;2
693;1
694;0
695;1
696;0
697;0
698;4
699;1
700;1
701;0
702;2
703;0
704;0
705;0
706;0
707;3
708;0
709;0
710;1
711;2
712;2
713;2
714;1
715;0
716;0
717;2
718;1
719;5
720;0
721;0
722;0
723;0
724;3
725;0
726;2
727;3
728;1
729;3
730;0
731;0
732;4
733;3
734;1
735;0
736;0
737;3
738;2
739;2
740;5
741;1
742;3
743;3
744;2
745;3
746;0
747;0
748;0
749;2
750;0
751;0
752;1
753;0
754;0
755;1
756;2
757;1
758;3
759;4
760;1
761;1
762;0
763;0
764;0
765;1
766;0
767;0
768;0
769;0
770;2
771;0
772;1
773;2
774;0
775;3
776;2
777;0
778;3
779;0
780;1
781;1
782;0
783;0
784;0
785;1
786;4
787;0
788;0
789;1
790;1
791;2
792;0
793;1
794;0
795;3
796;1
797;3
798;0
799;4
800;0
801;2
802;0
803;4
804;0
805;5
806;1
807;5
808;1
809;4
810;3
811;3
812;1
813;2
814;1
815;4
816;3
817;3
818;3
819;3
820;2
821;1
822;1
823;1
824;1
825;4
826;2
827;0
828;4
829;2
830;2
831;1
832;0
833;0
834;2
835;0
836;4
837;0
838;0
839;0
840;0
841;0
842;1
843;2
844;1
845;4
846;2
847;3
848;1
849;9
850;1
851;0
852;3
853;7
854;2
855;1
856;2
857;4
858;1
859;3
860;1
861;0
862;0
863;0
864;2
865;1
866;6
867;0
868;0
869;2
870;1
871;0
872;3
873;3
874;1
875;0
876;1
877;0
878;3
879;0
880;0
881;3
882;1
883;1
884;1
885;1
886;5
887;0
888;1
889;1
890;3
891;0
892;3
893;2
894;0
895;3
896;0
897;5
898;1
899;6
900;1
901;2
902;5
903;0
904;2
905;1
906;0
907;18
908;1
909;0
910;0
911;4
912;3
913;1
914;1
915;3
916;0
917;0
918;0
919;1
920;0
921;0
922;0
923;0
924;1
925;3
926;3
927;4
928;2
929;2
930;0
931;4
932;5
933;1
934;0
935;0
936;1
937;1
938;2
939;0
940;3
941;0
942;0
943;0
944;1
945;0
946;0
947;1
948;1
949;1
950;2
951;2
952;0
953;1
954;2
955;1
956;4
957;0
958;0
959;0
960;1
961;5
962;5
963;0
964;0
965;1
966;7
967;0
968;1
969;1
970;2
971;4
972;0
973;0
974;2
975;5
976;0
977;0
978;3
979;0
980;0
981;5
982;1
983;4
984;0
985;4
986;1
987;1
988;2
989;2
990;3
991;0
992;0
993;1
994;2
995;2
996;0
997;0
998;5
999;1
1000;2
1001;1
1002;1
1003;1
1004;4
1005;0
1006;6
1007;0
1008;0
1009;11
1010;3
1011;3
1012;0
1013;0
1014;1
1015;2
1016;1
1017;3
1018;0
1019;1
1020;5
1021;0
1022;0
1023;5
1024;2
1025;3
1026;0
1027;0
1028;4
1029;0
1030;1
1031;1
1032;5
1033;0
1034;0
1035;0
1036;0
1037;2
1038;3
1039;0
1040;0
1041;0
1042;0
1043;1
1044;0
1045;1
1046;1
1047;1
1048;0
1049;0
1050;0
1051;0
1052;0
1053;0
1054;0
1055;0
1056;3
1057;0
1058;1
1059;2
1060;1
1061;1
1062;4
1063;2
1064;2
1065;7
1066;1
1067;0
1068;6
1069;3
1070;0
1071;0
1072;1
1073;0
1074;4
1075;0
1076;0
1077;0
1078;4
1079;5
1080;8
1081;0
1082;3
1083;1
1084;2
1085;2
1086;7
1087;0
1088;3
1089;5
1090;0
1091;0
1092;1
1093;3
1094;0
1095;0
1096;0
1097;1
1098;0
1099;3
1100;0
1101;5
1102;1
1103;0
1104;2
1105;0
1106;0
1107;3
1108;3
1109;4
1110;4
1111;0
1112;2
1113;0
1114;2
1115;2
1116;5
1117;3
1118;4
1119;4
1120;0
1121;0
1122;0
1123;1
1124;0
1125;9
1126;4
1127;1
1128;1
1129;2
1130;1
1131;0
1132;1
1133;1
1134;5
1135;3
1136;10
1137;1
1138;1
1139;1
1140;1
1141;4
1142;1
1143;1
1144;2
1145;0
1146;1
1147;1
1148;3
1149;2
1150;3
1151;0
1152;13
1153;0
1154;6
1155;2
1156;1
1157;0
1158;2
1159;1
1160;1
1161;6
1162;0
1163;1
1164;1
1165;0
1166;5
1167;0
1168;0
1169;1
1170;1
1171;2
1172;0
1173;5
1174;1
1175;2
1176;0
1177;2
1178;0
1179;0
1180;0
1181;1
1182;7
1183;2
1184;0
1185;5
1186;0
1187;3
1188;1
1189;2
1190;1
1191;5
1192;1
1193;5
1194;0
1195;0
1196;1
1197;1
1198;0
1199;0
1200;2
1201;4
1202;2
1203;1
1204;3
1205;4
1206;0
1207;4
1208;0
1209;0
1210;2
1211;5
1212;5
1213;4
1214;0
1215;3
1216;0
1217;1
1218;1
1219;2
1220;14
1221;4
1222;0
1223;0
1224;4
1225;1
1226;2
1227;0
1228;4
1229;0
1230;0
1231;8
1232;0
1233;3
1234;1
1235;4
1236;5
1237;0
1238;0
1239;1
1240;4
1241;1
1242;1
1243;0
1244;1
1245;0
1246;0
1247;5
1248;1
1249;2
1250;2
1251;0
1252;1
1253;0
1254;0
1255;3
1256;4
1257;2
1258;1
1259;0
1260;1
1261;8
1262;0
1263;0
1264;0
1265;0
1266;1
1267;2
1268;2
1269;1
1270;0
1271;0
1272;0
1273;1
1274;0
1275;2
1276;1
1277;1
1278;2
1279;2
1280;0
1281;0
1282;7
1283;2
1284;1
1285;0
1286;0
1287;4
1288;5
1289;2
1290;0
1291;0
1292;2
1293;3
1294;2
1295;1
1296;0
1297;0
1298;0
1299;1
1300;2
1301;2
1302;1
1303;0
1304;2
1305;0
1306;0
1307;0
1308;0
1309;1
1310;0
1311;2
1312;0
1313;0
1314;8
1315;1
1316;1
1317;0
1318;10
1319;1
1320;0
1321;0
1322;0
1323;0
1324;1
1325;2
1326;0
1327;0
1328;0
1329;1
1330;0
1331;2
1332;0
1333;3
1334;1
1335;0
1336;0
1337;0
1338;1
1339;1
1340;5
1341;1
1342;11
1343;10
1344;0
1345;0
1346;0
1347;3
1348;2
1349;1
1350;0
1351;5
1352;1
1353;0
1354;1
1355;4
1356;2
1357;2
1358;3
1359;1
1360;0
1361;2
1362;0
1363;0
1364;0
1365;1
1366;1
1367;0
1368;0
1369;0
1370;1
1371;4
1372;1
1373;2
1374;5
1375;1
1376;5
1377;1
1378;11
1379;4
1380;0
1381;6
1382;3
1383;0
1384;1
1385;2
1386;0
1387;0
1388;0
1389;3
1390;2
1391;0
1392;1
1393;0
1394;2
1395;7
1396;5
1397;0
1398;4
1399;7
1400;0
1401;0
1402;2
1403;4
1404;1
1405;0
1406;1
1407;0
1408;0
1409;0
1410;6
1411;5
1412;0
1413;2
1414;0
1415;4
1416;2
1417;1
1418;2
1419;4
1420;0
1421;1
1422;0
1423;0
1424;1
1425;1
1426;0
1427;0
1428;5
1429;1
1430;2
1431;0
1432;4
1433;0
1434;0
1435;5
1436;0
1437;0
1438;1
1439;0
1440;1
1441;3
1442;1
1443;2
1444;0
1445;4
1446;0
1447;5
1448;3
1449;2
1450;1
1451;0
1452;0
1453;1
1454;0
1455;0
1456;0
1457;0
1458;2
1459;0
1460;2
1461;1
1462;1
1463;1
1464;2
1465;1
1466;3
1467;0
1468;1
1469;0
1470;1
1471;0
1472;1
1473;1
1474;2
1475;1
1476;1
1477;1
1478;1
1479;3
1480;1
1481;2
1482;0
1483;0
1484;0
1485;1
1486;2
1487;2
1488;0
1489;2
1490;4
1491;9
1492;2
1493;3
1494;0
1495;3
1496;0
1497;0
1498;2
1499;1
1500;0
1501;3
1502;0
1503;0
1504;3
1505;0
1506;3
1507;1
1508;7
1509;3
1510;4
1511;1
1512;0
1513;3
1514;2
1515;0
1516;1
1517;2
1518;0
1519;0
1520;0
1521;7
1522;0
1523;0
1524;0
1525;1
1526;1
1527;2
1528;1
1529;1
1530;2
1531;2
1532;0
1533;2
1534;0
1535;2
1536;3
1537;2
1538;3
1539;1
1540;0
1541;0
1542;0
1543;0
1544;2
1545;1
1546;2
1547;3
1548;2
1549;0
1550;4
1551;0
1552;0
1553;0
1554;2
1555;1
1556;0
1557;3
1558;0
1559;2
1560;1
1561;0
1562;2
1563;1
1564;2
1565;0
1566;2
1567;6
1568;5
1569;1
1570;1
1571;2
1572;2
1573;8
1574;2
1575;1
1576;1
1577;1
1578;0
1579;3
1580;1
1581;2
1582;0
1583;0
1584;1
1585;0
1586;0
1587;2
1588;1
1589;1
1590;1
1591;2
1592;4
1593;1
1594;0
1595;0
1596;0
1597;0
1598;0
1599;0
1600;1
1601;0
1602;1
1603;0
1604;4
1605;1
1606;2
1607;2
1608;2
1609;0
1610;4
1611;0
1612;3
1613;0
1614;0
1615;1
1616;1
1617;1
1618;4
1619;3
1620;0
1621;1
1622;1
1623;0
1624;1
1625;1
1626;7
1627;2
1628;0
1629;0
1630;2
1631;1
1632;1
1633;2
1634;3
1635;0
1636;1
1637;2
1638;1
1639;1
1640;1
1641;0
1642;2
1643;1
1644;0
1645;1
1646;0
1647;10
1648;2
1649;4
1650;1
1651;3
1652;0
1653;2
1654;6
1655;1
1656;2
1657;0
1658;4
1659;0
1660;6
1661;0
1662;0
1663;0
1664;1
1665;0
1666;2
1667;3
1668;4
1669;5
1670;1
1671;5
1672;0
1673;0
1674;2
1675;2
1676;1
1677;0
1678;0
1679;2
1680;2
1681;2
1682;1
1683;0
1684;0
1685;0
1686;0
1687;5
1688;1
1689;1
1690;1
1691;1
1692;1
1693;2
1694;1
1695;1
1696;1
1697;0
1698;2
1699;0
1700;8
1701;1
1702;0
1703;1
1704;2
1705;5
1706;0
1707;2
1708;3
1709;1
1710;0
1711;3
1712;5
1713;0
1714;0
1715;2
1716;4
1717;10
1718;2
1719;1
1720;0
1721;0
1722;1
1723;5
1724;0
1725;0
1726;0
1727;1
1728;0
1729;0
1730;0
1731;2
1732;1
1733;6
1734;1
1735;1
1736;8
1737;1
1738;0
1739;1
1740;2
1741;1
1742;1
1743;2
1744;1
1745;1
1746;0
1747;1
1748;2
1749;0
1750;0
1751;1
1752;4
1753;2
1754;0
1755;0
1756;2
1757;3
1758;1
1759;3
1760;0
1761;2
1762;0
1763;2
1764;4
1765;4
1766;0
1767;0
1768;10
1769;1
1770;4
1771;3
1772;0
1773;4
1774;3
1775;3
1776;3
1777;1
1778;1
1779;0
1780;3
1781;3
1782;1
1783;0
1784;0
1785;1
1786;7
1787;0
1788;1
1789;1
1790;3
1791;4
1792;1
1793;3
1794;2
1795;1
1796;0
1797;7
1798;0
1799;0
1800;3
1801;2
1802;3
1803;0
1804;2
1805;2
1806;0
1807;2
1808;3
1809;0
1810;1
1811;2
1812;6
1813;0
1814;1
1815;3
1816;6
1817;5
1818;2
1819;0
1820;0
1821;1
1822;0
1823;3
1824;3
1825;1
1826;1
1827;0
1828;0
1829;2
1830;0
1831;0
1832;0
1833;1
1834;5
1835;0
1836;1
1837;2
1838;0
1839;0
1840;2
1841;1
1842;1
1843;2
1844;1
1845;2
1846;5
1847;1
1848;2
1849;0
1850;1
1851;1
1852;6
1853;1
1854;3
1855;1
1856;2
1857;1
1858;1
1859;0
1860;0
1861;6
1862;0
1863;0
1864;1
1865;1
1866;0
1867;7
1868;1
1869;1
1870;1
1871;1
1872;1
1873;0
1874;1
1875;2
1876;0
1877;0
1878;2
1879;2
1880;0
1881;2
1882;2
1883;0
1884;0
1885;0
1886;1
1887;4
1888;4
1889;6
1890;0
1891;4
1892;3
1893;0
1894;8
1895;3
1896;0
1897;1
1898;0
1899;0
1900;2
1901;0
1902;0
1903;2
1904;0
1905;3
1906;2
1907;4
1908;1
1909;2
1910;5
1911;0
1912;3
1913;2
1914;4
1915;1
1916;5
1917;4
1918;0
1919;0
1920;9
1921;1
1922;0
1923;4
1924;1
1925;1
1926;0
1927;3
1928;4
1929;0
1930;5
1931;2
1932;4
1933;1
1934;0
1935;0
1936;3
1937;1
1938;0
1939;11
1940;0
1941;0
1942;0
1943;1
1944;10
1945;2
1946;3
1947;6
1948;0
1949;1
1950;1
1951;2
1952;1
1953;1
1954;0
1955;3
1956;4
1957;2
1958;1
1959;4
1960;0
1961;0
1962;1
1963;1
1964;0
1965;0
1966;0
1967;4
1968;1
1969;1
1970;0
1971;1
1972;2
1973;0
1974;5
1975;2
1976;1
1977;1
1978;0
1979;0
1980;0
1981;4
1982;3
1983;0
1984;1
1985;1
1986;1
1987;1
1988;3
1989;4
1990;4
1991;3
1992;0
1993;0
1994;7
1995;1
1996;0
1997;0
1998;2
1999;3
2000;5
2001;2
2002;1
2003;1
2004;1
2005;3
2006;0
2007;0
2008;1
2009;3
2010;2
2011;0
2012;0
2013;0
2014;1
2015;0
2016;0
2017;1
2018;7
2019;3
2020;1
2021;0
2022;2
2023;2
2024;2
2025;1
2026;5
2027;2
2028;1
2029;0
2030;5
2031;1
2032;0
2033;0
2034;2
2035;2
2036;1
2037;0
2038;7
2039;0
2040;1
2041;0
2042;1
2043;0
2044;2
2045;0
2046;0
2047;3
2048;0
2049;0
2050;1
2051;1
2052;0
2053;0
2054;1
2055;5
2056;6
2057;0
2058;1
2059;1
2060;0
2061;4
2062;1
2063;0
2064;4
2065;4
2066;1
2067;4
2068;0
2069;0
2070;2
2071;2
2072;0
2073;0
2074;2
2075;0
2076;1
2077;1
2078;1
2079;2
2080;0
2081;1
2082;2
2083;4
2084;0
2085;1
2086;1
2087;3
2088;0
2089;0
2090;2
2091;5
2092;0
2093;2
2094;0
2095;0
2096;4
2097;0
2098;0
2099;4
2100;1
2101;0
2102;1
2103;0
2104;4
2105;0
2106;2
2107;2
2108;0
2109;3
2110;2
2111;7
2112;0
2113;0
2114;4
2115;0
2116;0
2117;1
2118;1
2119;0
2120;1
2121;0
2122;2
2123;0
2124;2
2125;1
2126;6
2127;1
2128;0
2129;0
2130;0
2131;1
2132;0
2133;3
2134;4
2135;1
2136;0
2137;0
2138;0
2139;0
2140;1
2141;3
2142;3
2143;1
2144;6
2145;0
2146;0
2147;0
2148;0
2149;1
2150;3
2151;4
2152;1
2153;1
2154;1
2155;1
2156;4
2157;0
2158;3
2159;0
2160;0
2161;0
2162;0
2163;2
2164;1
2165;0
2166;1
2167;1
2168;1
2169;5
2170;0
2171;0
2172;6
2173;1
2174;4
2175;0
2176;3
2177;0
2178;0
2179;2
2180;1
2181;2
2182;0
2183;2
2184;4
2185;0
2186;0
2187;0
2188;0
2189;0
2190;0
2191;1
2192;1
2193;3
2194;0
2195;0
2196;0
2197;9
2198;1
2199;0
2200;1
2201;3
2202;0
2203;3
2204;0
2205;3
2206;1
2207;0
2208;5
2209;3
2210;2
2211;1
2212;1
2213;1
2214;1
2215;1
2216;1
2217;2
2218;3
2219;4
2220;0
2221;1
2222;0
2223;0
2224;3
2225;0
2226;0
2227;4
2228;0
2229;1
2230;1
2231;7
2232;0
2233;0
2234;0
2235;0
2236;0
2237;2
2238;2
2239;0
2240;2
2241;2
2242;3
2243;1
2244;0
2245;0
2246;7
2247;2
2248;1
2249;1
2250;3
2251;0
2252;2
2253;2
2254;0
2255;0
2256;0
2257;2
2258;0
2259;3
2260;0
2261;1
2262;0
2263;0
2264;2
2265;0
2266;0
2267;0
2268;5
2269;1
2270;2
2271;0
2272;0
2273;0
2274;0
2275;0
2276;0
2277;2
2278;0
2279;3
2280;0
2281;0
2282;0
2283;1
2284;1
2285;0
2286;1
2287;0
2288;0
2289;0
2290;1
2291;3
2292;2
2293;3
2294;2
2295;0
2296;1
2297;1
2298;0
2299;2
2300;2
2301;1
2302;0
2303;0
2304;0
2305;5
2306;6
2307;0
2308;2
2309;1
2310;3
2311;0
2312;0
2313;8
2314;0
2315;0
2316;3
2317;2
2318;3
2319;1
2320;0
2321;0
2322;0
2323;0
2324;3
2325;3
2326;0
2327;0
2328;4
2329;1
2330;0
2331;3
2332;8
2333;0
2334;5
2335;3
2336;1
2337;0
2338;0
2339;0
2340;1
2341;4
2342;2
2343;1
2344;0
2345;3
2346;1
2347;2
2348;1
2349;0
2350;0
2351;0
2352;3
2353;0
2354;2
2355;0
2356;1
2357;2
2358;0
2359;0
2360;2
2361;0
2362;4
2363;1
2364;3
2365;0
2366;1
2367;1
2368;1
2369;0
2370;1
2371;1
1;9
2;1
3;0
4;2
5;5
6;6
7;0
8;1
9;0
10;0
11;0
12;0
13;0
14;0
15;10
16;0
17;5
18;0
19;3
20;0
21;1
22;0
23;2
24;5
25;0
26;0
27;1
28;6
29;2
30;1
31;0
32;6
33;1
34;2
35;4
36;0
37;1
38;1
39;0
40;4
41;0
42;2
43;3
44;6
45;8
46;1
47;0
48;1
49;0
50;0
51;5
52;1
53;0
54;1
55;1
56;1
57;2
58;3
59;7
60;0
61;1
62;1
63;1
64;2
65;0
66;1
67;1
68;2
69;1
70;0
71;0
72;3
73;1
74;0
75;2
76;0
77;0
78;0
79;2
80;1
81;4
82;2
83;5
84;0
85;1
86;0
87;1
88;5
89;0
90;0
91;1
92;0
93;0
94;2
95;1
96;0
97;1
98;1
99;1
100;2
101;2
102;0
103;2
104;7
105;0
106;1
107;3
108;0
109;2
110;0
111;0
112;3
113;2
114;0
115;4
116;0
117;0
118;3
119;1
120;0
121;1
122;2
123;0
124;1
125;2
126;0
127;1
128;0
129;0
130;4
131;3
132;1
133;3
134;2
135;1
1;0
2;0
3;11
4;1
5;0
6;0
7;0
8;0
9;1
10;0
11;3
12;2
13;3
14;0
15;1
16;0
17;1
18;0
19;1
20;0
21;0
22;0
23;1
24;0
25;0
26;1
27;0
28;0
29;0
30;2
31;0
32;2
33;2
34;4
35;3
36;2
37;1
38;2
39;0
40;2
41;2
42;3
43;0
44;1
45;0
46;1
47;0
48;0
49;2
50;1
51;0
52;1
53;0
54;0
55;0
56;5
57;1
58;3
59;5
60;4
61;2
62;0
63;0
64;0
65;2
66;0
67;6
68;7
69;0
70;3
71;11
72;0
73;1
74;0
75;0
76;3
77;2
78;1
79;0
80;1
81;2
82;1
83;0
84;2
85;0
86;1
87;4
88;2
89;0
90;3
91;0
92;0
93;1
94;0
95;0
96;1
97;2
98;0
99;1
100;0
101;0
102;0
103;15
104;4
105;1
106;1
107;1
108;2
109;5
110;0
111;3
112;1
113;1
114;8
115;1
116;2
117;2
118;0
119;0
120;0
121;0
122;1
123;0
124;4
125;2
126;1
127;2
128;1
129;0
130;1
131;0
132;8
133;0
134;2
135;0
136;2
137;1
138;0
139;0
140;1
141;0
142;1
143;2
144;0
145;0
146;9
147;0
148;0
149;0
150;1
151;0
152;3
153;1
154;1
155;9
156;2
157;7
158;2
159;0
160;0
161;2
162;2
163;0
164;8
165;0
166;1
167;0
168;3
169;2
170;2
171;4
172;3
173;3
174;4
175;2
176;0
177;1
178;0
179;0
180;0
181;0
182;1
183;0
184;6
185;0
186;0
187;4
188;2
189;0
190;0
191;3
192;1
193;0
194;0
195;0
196;1
197;1
198;1
199;1
200;3
201;0
202;0
203;0
204;3
205;0
206;1
207;0
208;0
209;3
210;1
211;0
212;1
213;1
214;0
215;3
216;0
217;6
218;0
219;0
220;0
221;1
222;3
223;1
224;1
225;0
226;0
227;0
228;1
229;0
230;1
231;0
232;0
233;0
234;0
235;1
236;0
237;0
238;0
239;4
240;1
241;0
242;1
243;0
244;0
245;0
246;2
247;2
248;2
249;0
250;1
251;1
252;0
253;0
254;1
255;0
256;0
257;2
258;0
259;0
260;1
261;0
262;0
263;3
264;1
265;2
266;0
267;7
268;0
269;1
270;1
271;1
272;2
273;7
274;1
275;1
276;0
277;0
278;3
279;0
280;1
281;3
282;0
283;2
284;9
285;4
286;2
287;2
288;0
289;2
290;0
291;0
292;0
293;2
294;0
295;1
296;3
297;0
298;0
299;2
300;1
301;2
302;0
303;3
304;0
305;2
306;7
307;1
308;0
309;1
310;0
311;0
312;4
313;2
314;0
315;0
316;2
317;1
318;1
319;3
320;0
321;1
322;3
323;2
324;7
325;0
326;3
327;2
328;0
329;1
330;0
331;1
332;4
333;0
334;0
335;2
336;5
337;0
338;0
339;3
340;3
341;1
342;1
343;0
344;2
345;1
346;0
347;1
348;1
349;1
350;1
351;5
352;0
353;0
354;4
355;1
356;6
357;6
358;0
359;1
360;4
361;0
362;1
363;0
364;0
365;2
366;0
367;2
368;5
369;1
370;0
371;0
372;3
373;1
374;6
375;0
376;3
377;11
378;4
379;1
380;3
381;1
382;0
383;0
384;2
385;2
386;1
387;4
388;1
389;0
390;0
391;0
392;1
393;1
394;2
395;3
396;0
397;1
398;2
399;2
400;2
401;1
402;1
403;0
404;1
405;0
406;3
407;0
408;2
409;1
410;0
411;1
412;1
413;0
414;1
415;2
416;1
417;0
418;3
419;0
420;0
421;0
422;5
423;2
424;1
425;0
426;0
427;1
428;0
429;1
430;1
431;0
432;1
433;1
434;0
435;0
436;0
437;0
438;1
439;1
440;2
441;2
442;0
443;1
444;6
445;1
446;0
447;2
448;0
449;0
450;0
451;3
452;0
453;4
454;0
455;0
456;0
457;0
458;3
459;0
460;2
461;6
462;3
463;1
464;3
465;0
466;0
467;1
468;1
469;0
470;4
471;3
472;5
473;4
474;3
475;3
476;1
477;2
478;1
479;0
480;1
481;1
482;1
483;0
484;0
485;1
486;3
487;0
488;0
489;0
490;1
491;2
492;1
493;1
494;2
495;0
496;0
497;2
498;1
499;1
500;0
501;3
502;6
503;0
504;1
505;1
506;4
507;2
508;1
509;1
510;5
511;2
512;1
513;1
514;1
515;3
516;4
517;0
518;0
519;1
520;1
521;5
522;1
523;2
524;3
525;3
526;1
527;0
528;0
529;4
530;1
531;0
532;0
533;0
534;2
535;1
536;0
537;1
538;0
539;1
540;0
541;5
542;0
543;0
544;3
545;0
546;0
547;0
548;3
549;0
550;0
551;1
552;1
553;2
554;0
555;2
556;0
557;1
558;2
559;0
560;3
561;0
562;2
563;0
564;0
565;1
566;5
567;14
568;1
569;1
570;0
571;3
572;1
573;0
574;1
575;3
576;0
577;1
578;2
579;0
580;0
581;0
582;0
583;1
584;0
585;1
586;0
587;1
588;1
589;5
590;2
591;0
592;0
593;1
594;1
595;0
596;0
597;1
598;0
599;0
600;0
601;1
602;0
603;4
604;2
605;2
606;1
607;4
608;0
609;1
610;8
611;5
612;1
613;0
614;4
615;1
616;3
617;2
618;3
619;2
620;1
621;0
622;0
623;0
624;0
625;1
626;0
627;1
628;0
629;1
630;2
631;2
632;2
633;1
634;1
635;0
636;1
637;1
638;0
639;6
640;4
641;1
642;5
643;4
644;2
645;2
646;0
647;0
648;4
649;0
650;1
651;0
652;1
653;10
654;2
655;3
656;0
657;1
658;0
659;3
660;1
661;2
662;2
663;0
664;0
665;0
666;4
667;4
668;2
669;0
670;0
671;0
672;1
673;1
674;1
675;1
676;0
677;7
678;1
679;2
680;0
681;4
682;1
683;1
684;1
685;0
686;1
687;0
688;2
689;5
690;7
691;0
692;0
693;4
694;6
695;0
696;3
697;1
698;0
699;1
700;0
701;0
702;0
703;0
704;1
705;0
706;0
707;0
708;1
709;1
710;1
711;3
712;0
713;0
714;4
715;0
716;0
717;7
718;0
719;6
720;2
721;1
722;2
723;0
724;0
725;1
726;0
727;3
728;1
729;2
730;1
731;4
732;0
733;0
734;2
735;1
736;1
737;0
738;2
739;1
740;1
741;4
742;0
743;7
744;4
745;3
746;2
747;0
748;1
749;0
750;0
751;1
752;1
753;0
754;1
755;0
756;1
757;0
758;0
759;2
760;1
761;3
762;0
763;0
764;0
765;2
766;1
767;4
768;0
769;2
770;0
771;2
772;0
773;0
774;1
775;4
776;0
777;0
778;0
779;0
780;5
781;7
782;0
783;0
784;1
785;0
786;2
787;1
788;0
789;1
790;0
791;7
792;2
793;0
794;2
795;0
796;3
797;4
798;0
799;4
800;1
801;4
802;5
803;0
804;1
805;2
806;0
807;0
808;2
809;0
810;6
811;5
812;5
813;6
814;0
815;0
816;0
817;0
818;2
819;0
820;2
821;1
822;0
823;1
824;2
825;0
826;4
827;0
828;3
829;6
830;1
831;2
832;0
833;2
834;2
835;2
836;0
837;2
838;0
839;1
840;0
841;0
842;0
843;2
844;0
845;0
846;1
847;2
848;14
849;0
850;1
851;4
852;4
853;0
854;1
855;0
856;1
857;1
858;0
859;3
860;0
861;2
862;3
863;0
864;1
865;0
866;1
867;0
868;0
869;2
870;4
871;4
872;0
873;0
874;3
875;0
876;3
877;2
878;5
879;4
880;1
881;5
882;0
883;1
884;3
885;0
886;0
887;1
888;3
889;5
890;0
891;0
892;1
893;6
894;0
895;0
896;1
897;4
898;2
899;3
900;1
901;0
902;0
903;0
904;0
905;0
906;1
907;0
908;0
909;0
910;0
911;0
912;0
913;0
914;1
915;1
916;0
917;2
918;0
919;1
920;0
921;0
922;5
923;1
924;0
925;0
926;2
927;2
928;2
929;0
930;8
931;4
932;3
933;1
934;0
935;2
936;1
937;0
938;0
939;0
940;3
941;0
942;5
943;0
944;2
945;2
946;1
947;2
948;1
949;0
950;5
951;4
952;1
953;0
954;8
955;5
956;4
957;4
958;2
959;3
960;3
961;6
962;2
963;4
964;1
965;1
966;0
967;3
968;3
969;0
970;0
971;1
972;3
973;0
974;0
975;1
976;0
977;1
978;1
979;4
980;1
981;0
982;0
983;1
984;0
985;8
986;0
987;2
988;2
1;1
2;1
3;0
4;1
5;2
6;1
7;2
8;1
9;2
10;2
11;4
12;1
13;0
14;1
15;0
16;4
17;2
18;2
19;1
20;0
21;1
22;0
23;0
24;2
25;2
26;0
27;5
28;0
29;0
30;3
31;1
32;0
33;0
34;4
35;0
36;1
37;0
38;3
39;1
40;0
41;0
42;0
43;0
44;1
45;5
46;2
47;0
48;0
49;0
50;1
51;0
52;1
53;0
54;1
55;0
56;0
57;2
58;1
59;0
60;0
61;2
62;4
63;0
64;0
65;0
66;2
67;0
68;1
69;7
70;1
71;1
72;0
73;2
74;3
75;2
76;3
77;0
78;2
79;1
80;0
81;0
82;0
83;0
84;1
85;5
86;3
87;0
88;0
89;0
90;0
91;4
92;2
93;3
94;4
95;0
96;7
97;0
98;1
99;0
100;0
101;0
102;2
103;0
104;0
105;2
106;1
107;1
108;0
109;0
110;0
111;9
112;6
113;2
114;3
115;3
116;2
117;3
118;0
119;0
120;3
121;0
122;4
123;3
124;0
125;0
126;0
127;0
128;1
129;7
130;2
131;5
132;2
133;0
134;0
135;0
136;1
137;5
138;1
139;1
140;1
141;3
142;2
143;2
144;0
145;2
146;0
147;0
148;1
149;0
150;1
151;3
152;1
153;0
154;1
155;0
156;0
157;0
158;0
159;3
160;3
161;9
162;1
163;0
164;0
165;3
166;1
167;2
168;3
169;0
170;4
171;3
172;1
173;0
174;0
175;4
176;1
177;6
178;7
179;0
180;1
181;2
182;0
183;2
184;3
185;5
186;0
187;0
188;0
189;3
190;2
191;13
192;1
193;2
194;1
195;5
196;0
197;0
198;2
199;0
200;5
201;1
202;3
203;4
204;0
205;0
206;2
207;2
208;1
209;1
210;2
211;1
212;0
213;2
214;0
215;2
216;0
217;0
218;0
219;0
220;0
221;2
222;1
223;0
224;9
225;0
226;0
227;10
228;6
229;1
230;3
231;3
232;3
233;3
234;2
235;7
236;0
237;0
238;1
239;1
240;1
241;0
242;0
243;3
244;2
245;1
246;0
247;4
248;1
249;2
250;6
251;6
252;2
253;1
254;0
255;1
256;0
257;7
258;3
259;0
260;0
261;1
262;0
263;1
264;0
265;5
266;3
267;1
268;2
269;2
270;0
271;0
272;1
273;1
274;1
275;3
276;0
277;7
278;1
279;4
280;1
281;7
282;1
283;2
284;0
285;2
286;1
287;0
288;0
289;3
290;0
291;0
292;0
293;0
294;0
295;2
296;3
297;2
298;0
299;0
300;0
301;5
302;2
303;0
304;3
305;1
306;1
307;1
308;1
309;0
310;0
311;0
312;1
313;0
314;5
315;4
316;0
317;0
318;1
319;1
320;2
321;0
322;10
323;0
324;1
325;1
326;4
327;0
328;2
329;2
330;1
331;3
332;2
333;0
334;0
335;2
336;1
337;0
338;0
339;0
340;4
341;0
342;3
343;1
344;0
345;3
346;0
347;0
348;5
349;0
350;1
351;2
352;1
353;1
354;1
355;4
356;0
357;1
358;0
359;6
360;0
361;1
362;2
363;0
364;1
365;0
366;2
367;0
368;6
369;2
370;0
371;0
372;0
373;0
374;2
375;0
376;0
377;9
378;0
379;0
380;1
381;1
382;0
383;0
384;3
385;2
386;1
387;2
388;9
389;1
390;0
391;3
392;1
393;0
394;7
395;1
396;4
397;1
398;1
399;0
400;1
401;0
402;2
403;0
404;1
405;2
406;0
407;5
408;1
409;6
410;1
411;5
412;0
413;4
414;0
415;0
416;1
417;0
418;0
419;0
420;0
421;0
422;2
423;1
424;0
425;0
426;0
427;1
428;0
429;0
430;2
431;2
432;1
433;5
434;1
435;1
436;5
437;2
438;0
439;5
440;0
441;2
442;3
443;4
444;0
445;0
446;1
447;0
448;0
449;0
450;0
451;1
452;2
453;0
454;2
455;0
456;0
457;2
458;0
459;1
460;2
461;2
462;0
463;0
464;0
465;0
466;4
467;1
468;0
469;0
470;2
471;1
472;2
473;2
474;0
475;0
476;2
477;9
478;4
479;0
480;11
481;1
482;0
483;1
484;0
485;0
486;5
487;2
488;0
489;1
490;0
491;1
492;2
493;0
494;0
495;0
496;0
497;0
498;2
499;0
500;1
501;0
502;7
503;0
504;0
505;6
506;1
507;0
508;0
509;0
510;0
511;1
512;4
513;0
514;0
515;0
516;4
517;0
518;0
519;0
520;0
521;1
522;0
523;0
524;3
525;1
526;0
527;2
528;0
529;0
530;3
531;2
532;2
533;2
534;1
535;1
536;1
537;3
538;0
539;3
540;12
541;0
542;0
543;5
544;0
545;2
546;3
547;0
548;1
549;6
550;4
551;5
552;0
553;0
554;0
555;1
556;4
557;5
558;0
559;5
560;0
561;0
562;3
563;0
564;0
565;1
566;1
567;1
568;0
569;0
570;3
571;0
572;3
573;0
574;1
575;0
576;8
577;0
578;0
579;0
580;0
581;3
582;1
583;7
584;1
585;7
586;0
587;0
588;0
589;1
590;1
591;0
592;2
593;6
594;0
595;0
596;2
597;2
598;0
599;2
600;2
601;4
602;3
603;1
604;0
605;3
606;0
607;0
608;0
609;3
610;1
611;3
612;1
613;0
614;0
615;0
616;1
617;1
618;0
619;2
620;3
621;0
622;0
623;1
624;0
625;2
626;2
627;1
628;0
629;1
630;2
631;1
632;0
633;0
634;0
635;4
636;0
637;4
638;2
639;0
640;0
641;2
642;1
643;6
644;0
645;0
646;1
647;0
648;0
649;5
650;0
651;0
652;4
653;2
654;0
655;1
656;0
657;2
658;0
659;6
660;3
661;3
662;4
663;1
664;2
665;4
666;0
667;1
668;1
669;1
670;0
671;3
672;1
673;1
674;1
675;2
676;3
677;0
678;2
679;1
680;0
681;2
682;5
683;0
684;1
685;0
686;1
687;0
688;7
689;3
690;0
691;2
692;0
693;0
694;0
695;0
696;0
697;4
698;1
699;0
700;1
701;1
702;1
703;2
704;0
705;1
706;1
707;1
708;0
709;9
710;2
711;0
712;3
713;1
714;3
715;0
716;1
717;3
718;4
719;1
720;0
721;2
722;6
723;1
724;0
725;2
726;3
727;2
728;0
729;4
730;0
731;0
732;0
733;0
734;1
735;0
736;1
737;0
738;0
739;0
740;1
741;1
742;2
743;1
744;3
745;1
746;2
747;1
748;2
749;7
750;7
751;1
752;0
753;0
754;1
755;0
756;0
757;0
758;0
759;0
760;2
761;0
762;0
763;5
764;0
765;2
766;1
767;1
768;2
769;1
770;0
771;2
772;2
773;6
774;0
775;0
776;5
777;2
778;7
779;5
780;2
781;2
782;7
783;0
784;7
785;0
786;0
787;2
788;0
789;0
790;0
791;8
792;1
793;0
794;0
795;1
796;1
797;1
798;0
799;2
800;0
801;2
802;1
803;3
804;2
805;0
806;2
807;0
808;0
809;0
810;0
811;1
812;0
813;1
814;1
815;5
816;2
817;5
818;2
819;1
820;1
821;1
822;1
823;0
824;1
825;1
826;4
827;10
828;0
829;1
830;0
831;4
832;1
833;0
834;1
835;1
836;4
837;2
838;1
839;0
840;2
841;0
842;0
843;2
844;0
845;3
846;1
847;0
848;1
849;0
850;4
851;1
852;0
853;0
854;2
855;8
856;2
857;0
858;0
859;3
860;3
861;6
862;2
863;2
864;1
865;1
866;0
867;1
868;0
869;2
870;2
871;0
872;0
873;4
874;1
875;3
876;4
877;0
878;1
879;0
880;1
881;2
882;0
883;0
884;1
885;4
886;1
887;0
888;5
889;0
890;2
891;1
892;0
893;2
894;9
895;0
896;1
897;0
898;0
899;0
900;0
901;0
902;0
903;3
904;1
905;6
906;1
907;1
908;1
909;0
910;2
911;0
912;0
913;0
914;2
915;3
916;1
917;1
918;1
919;3
920;6
921;0
922;0
923;5
924;1
925;1
926;2
927;1
928;0
929;0
930;1
931;0
932;0
933;3
934;1
935;1
936;2
937;0
938;1
939;2
940;0
941;0
942;4
943;2
944;0
945;0
946;0
947;2
948;3
949;4
950;4
951;1
952;1
953;0
954;0
955;0
956;3
957;1
958;1
959;0
960;0
961;14
962;1
963;0
964;0
965;2
966;0
967;0
968;2
969;1
970;1
971;4
972;1
973;4
974;1
975;0
976;1
977;4
978;2
1;1
2;2
3;23
4;8
5;0
6;5
7;12
8;21
9;4
10;0
11;0
12;5
13;12
14;4
15;16
16;17
17;34
18;4
19;5
20;4
21;8
22;4
23;14
24;13
25;4
26;0
27;23
28;8
29;1
30;5
31;4
32;20
33;23
34;20
35;3
36;12
37;23
38;0
39;11
40;1
41;11
42;0
43;2
44;6
45;19
46;14
47;28
48;10
49;35
50;8
51;26
52;4
53;10
54;1
55;1
56;3
57;7
58;5
59;6
60;42
61;4
62;77
63;17
64;0
65;0
66;10
67;0
68;0
69;29
70;13
71;24
72;0
73;5
74;9
75;0
76;4
77;3
78;8
79;5
80;14
81;7
82;46
83;10
84;6
85;0
86;6
87;2
88;24
89;6
90;5
91;2
92;0
93;15
94;22
95;0
96;33
97;4
98;5
99;16
100;0
101;67
102;4
103;20
104;4
105;33
106;4
107;27
108;3
109;21
110;0
111;3
112;6
113;5
114;9
115;6
116;4
117;6
118;15
119;19
120;2
121;9
122;3
123;1
124;21
125;8
126;4
127;3
128;4
129;23
130;20
131;13
132;14
133;2
134;3
135;2
136;8
137;35
138;1
139;4
140;0
141;31
142;11
143;14
144;2
145;3
146;9
147;0
148;0
149;7
150;7
151;0
152;7
153;1
154;43
155;6
156;4
157;3
158;4
159;6
160;2
161;4
162;7
163;1
164;13
165;8
166;4
167;35
168;16
169;7
170;9
171;11
172;14
173;85
174;1
175;16
176;4
177;3
178;6
179;6
180;0
181;0
182;1
183;8
184;14
185;3
186;12
187;9
188;9
189;1
190;8
191;0
192;8
193;7
194;4
195;17
196;21
197;24
198;8
199;2
200;9
201;8
202;2
203;1
204;0
205;18
206;2
207;1
208;5
209;1
210;5
211;3
212;1
213;29
214;8
215;1
216;0
217;0
218;25
219;17
220;37
221;4
222;21
223;9
224;1
225;4
226;13
227;2
228;2
229;8
230;3
231;35
232;17
233;1
234;1
235;3
236;8
237;0
238;3
239;17
240;5
241;7
242;14
243;34
244;1
245;17
246;7
247;30
248;20
249;0
250;0
251;1
252;18
253;10
254;10
255;3
256;3
257;11
258;5
259;0
260;27
261;7
262;10
263;40
264;4
265;30
266;16
267;8
268;18
269;1
270;12
271;7
272;1
273;6
274;3
275;4
276;14
277;17
278;0
279;13
280;9
281;1
282;4
283;3
284;7
285;4
286;2
287;19
288;0
289;2
290;0
291;2
292;20
293;20
294;12
295;14
296;2
297;4
298;1
299;3
300;4
301;1
302;1
303;17
304;11
305;17
306;3
307;15
308;11
309;20
310;3
311;4
312;9
313;11
314;0
315;2
316;0
317;23
318;19
319;4
320;12
321;0
322;4
323;10
324;11
325;1
326;1
327;0
328;0
329;1
330;0
331;1
332;3
333;18
334;14
335;11
336;5
337;4
338;8
339;13
340;56
341;20
342;13
343;0
344;40
345;0
346;8
347;9
348;0
349;2
350;14
351;1
352;11
353;35
354;14
355;4
356;8
357;7
358;2
359;1
360;1
361;5
362;6
363;8
364;1
365;0
366;19
367;9
368;22
369;3
370;0
371;17
372;5
373;2
374;8
375;11
376;3
377;10
378;0
379;17
380;8
381;23
382;11
383;8
384;7
385;34
386;4
387;16
388;1
389;5
390;5
391;1
392;7
393;4
394;3
395;1
396;25
397;0
398;17
399;1
400;7
401;6
402;7
403;5
404;19
405;0
406;16
407;5
408;11
409;9
410;13
411;8
412;0
413;12
414;17
415;34
416;8
417;3
418;12
419;3
420;2
421;9
422;7
423;11
424;3
425;3
426;32
427;14
428;16
429;19
430;35
431;2
432;10
433;30
434;30
435;21
436;6
437;10
438;1
439;9
440;5
441;18
442;0
443;0
444;14
445;16
446;15
447;3
448;31
449;26
450;9
451;2
452;9
453;10
454;3
455;10
456;23
457;1
458;5
459;1
460;0
461;9
462;4
463;4
464;1
465;0
466;20
467;19
468;5
469;13
470;13
471;6
472;29
473;8
474;1
475;8
476;2
477;2
478;3
479;2
480;4
481;0
482;0
483;11
484;2
485;2
486;4
487;0
488;13
489;12
490;0
491;0
492;8
493;0
494;9
495;0
496;4
497;0
498;5
499;12
500;9
501;15
502;28
503;4
504;9
505;9
506;3
507;7
508;12
509;30
510;1
511;18
512;22
513;1
514;0
515;5
516;7
517;6
518;2
519;1
520;1
521;1
522;5
523;15
524;4
525;5
526;16
527;2
528;1
529;1
530;1
531;19
532;12
533;6
534;4
535;42
536;9
537;12
538;1
539;0
540;35
541;11
542;17
543;7
544;20
545;6
546;4
547;7
548;20
549;6
550;11
551;11
552;0
553;1
554;0
555;2
556;11
557;6
558;3
559;7
560;3
561;27
562;15
563;0
564;26
565;31
566;7
567;20
568;14
569;18
570;24
571;0
572;5
573;18
574;14
575;10
576;12
577;7
578;7
579;8
580;15
581;3
582;2
583;8
584;0
585;3
586;8
587;10
588;4
589;2
590;8
591;11
592;17
593;0
594;4
595;15
596;16
597;2
598;17
599;12
600;3
601;12
602;0
603;0
604;13
605;31
606;15
607;14
608;19
609;2
610;10
611;67
612;2
613;8
614;5
615;27
616;0
617;12
618;1
619;9
620;6
621;10
622;0
623;11
624;6
625;0
626;10
627;9
628;1
629;4
630;4
631;10
632;21
633;21
634;3
635;23
636;16
637;1
638;1
639;0
640;5
641;2
642;0
643;7
644;3
645;19
646;0
647;6
648;5
649;21
650;6
651;7
652;2
653;14
654;0
655;4
656;15
657;38
658;4
659;5
660;15
661;1
662;12
663;10
664;3
665;3
666;3
667;9
668;7
669;4
670;3
671;7
672;2
673;3
674;3
675;5
676;0
677;16
678;12
679;0
680;4
681;5
682;31
683;0
684;8
685;2
686;5
687;8
688;15
689;18
690;13
691;33
692;6
693;0
694;16
695;22
696;2
697;8
698;7
699;7
700;10
701;13
702;14
703;7
704;7
705;19
706;2
707;26
708;6
709;10
710;24
711;10
712;0
713;2
714;0
715;3
716;7
717;8
718;8
719;9
720;27
721;11
722;8
723;71
724;11
725;15
726;18
727;39
728;5
729;2
730;2
731;8
732;10
733;42
734;1
735;21
736;27
737;0
738;2
739;5
740;32
741;6
742;12
743;1
744;11
745;30
746;3
747;1
748;8
749;7
750;3
751;8
752;22
753;0
754;27
755;13
756;7
757;12
758;0
759;5
760;2
761;2
762;1
763;16
764;8
765;10
766;6
767;6
768;1
769;2
770;11
771;0
772;12
773;8
774;11
775;2
776;13
777;1
778;4
779;13
780;12
781;3
782;7
783;10
784;6
785;6
786;0
787;2
788;7
789;31
790;6
791;27
792;7
793;1
794;3
795;8
796;18
797;8
798;15
799;4
800;35
801;1
802;7
803;14
804;1
805;22
806;11
807;2
808;4
809;11
810;8
811;17
812;2
813;0
814;1
815;5
816;3
817;7
818;3
819;7
820;8
821;34
822;0
823;13
824;7
825;9
826;1
827;28
828;1
829;1
830;3
831;4
832;31
833;12
834;0
835;23
836;19
837;2
838;14
839;22
840;31
841;4
842;26
843;31
844;11
845;3
846;1
847;4
848;20
849;4
850;10
851;2
852;6
853;13
854;1
855;30
856;16
857;12
858;0
859;0
860;2
861;7
862;9
863;0
864;5
865;13
866;29
867;5
868;9
869;7
870;48
871;2
872;1
873;14
874;31
875;22
876;7
877;33
878;23
879;48
880;3
881;0
882;0
883;13
884;2
885;2
886;11
887;26
888;25
889;1
890;4
891;6
892;12
893;5
894;6
895;9
896;1
897;15
898;18
899;2
900;36
901;6
902;2
903;9
904;4
905;0
906;6
907;56
908;0
909;0
910;10
911;5
912;0
913;16
914;12
915;9
916;8
917;8
918;16
919;9
920;4
921;10
922;94
923;5
924;1
925;42
926;8
927;9
928;5
929;2
930;6
931;7
932;2
933;13
934;1
935;0
936;1
937;1
938;6
939;7
940;5
941;12
942;23
943;7
944;0
945;8
946;6
947;23
948;15
949;9
950;12
951;14
952;4
953;6
954;13
955;2
956;9
957;3
958;6
959;14
960;8
961;11
962;3
963;4
964;3
965;1
966;13
967;14
968;6
969;12
970;47
1;0
2;0
3;0
4;0
5;2
6;0
7;0
8;0
9;0
10;0
11;1
12;2
13;2
14;1
15;0
16;0
17;0
18;1
19;0
20;2
21;0
22;1
23;2
24;0
25;0
26;0
27;1
28;0
29;0
30;0
31;0
32;0
33;0
34;0
35;0
36;4
37;0
38;0
39;2
40;0
41;0
42;0
43;1
44;0
45;0
46;0
47;1
48;4
49;0
50;2
51;1
52;0
53;1
54;1
55;1
56;2
57;0
58;0
59;0
60;2
61;1
62;1
63;1
64;5
65;0
66;1
67;0
68;1
69;0
70;1
71;1
72;1
73;0
74;0
75;0
76;0
77;0
78;0
79;0
80;1
81;0
82;0
83;0
84;0
85;2
86;0
87;0
88;0
89;0
90;0
91;0
92;0
93;1
94;0
95;0
96;0
97;1
98;0
99;3
100;0
101;0
102;1
103;2
104;0
105;1
106;0
107;1
108;0
109;0
110;0
111;0
112;0
113;0
114;1
115;1
116;0
117;0
118;0
119;2
120;1
121;1
122;1
123;0
124;2
125;1
126;0
127;2
128;0
129;1
130;1
131;0
132;0
133;0
134;0
135;2
136;0
137;0
138;0
139;1
140;1
141;0
142;0
143;0
144;0
145;0
146;1
147;1
148;1
149;2
150;0
151;0
152;0
153;0
154;2
155;0
156;1
157;0
158;0
159;0
160;0
161;0
162;0
163;0
164;1
165;1
166;0
167;1
168;1
169;2
170;0
171;1
172;0
173;0
174;0
175;2
176;0
177;1
178;3
179;1
180;0
181;0
182;2
183;0
184;1
185;1
186;1
187;0
188;1
189;5
190;0
191;0
192;1
193;4
194;1
195;2
196;1
197;0
198;0
199;0
200;0
201;0
202;0
203;0
204;1
205;1
206;2
207;1
208;1
209;0
210;0
211;5
212;0
213;3
214;0
215;1
216;0
217;0
218;0
219;0
220;1
221;2
222;3
223;2
224;0
225;0
226;0
227;0
228;0
229;1
230;2
231;0
232;1
233;1
234;1
235;0
236;1
237;0
238;1
239;2
240;2
241;0
242;0
243;1
244;1
245;0
246;0
247;0
248;1
249;0
250;1
251;1
252;0
253;8
254;0
255;1
256;1
257;2
258;0
259;0
260;1
261;2
262;2
263;0
264;1
265;0
266;1
267;1
268;0
269;0
270;1
271;0
272;0
273;0
274;0
275;2
276;0
277;0
278;0
279;0
280;0
281;0
282;0
283;1
284;0
285;0
286;1
287;0
288;1
289;3
290;0
291;1
292;1
293;0
294;0
295;0
296;0
297;1
298;1
299;0
300;1
301;0
302;0
303;0
304;0
305;0
306;1
307;1
308;0
309;0
310;1
311;1
312;3
313;1
314;0
315;0
316;0
317;0
318;0
319;1
320;0
321;2
322;0
323;0
324;0
325;0
326;0
327;2
328;0
329;0
330;1
331;1
332;0
333;0
334;1
335;2
336;1
337;0
338;0
339;0
340;0
341;1
342;0
343;0
344;0
345;0
346;0
347;1
348;0
349;1
350;1
351;1
352;0
353;1
354;1
355;0
356;4
357;1
358;5
359;0
360;0
361;0
362;0
363;5
364;1
365;1
366;0
367;0
368;3
369;0
370;1
371;0
372;0
373;2
374;0
375;1
376;3
377;2
378;0
379;0
380;0
381;0
382;0
383;0
384;1
385;0
386;0
387;0
388;1
389;0
390;1
391;0
392;0
393;0
394;0
395;0
396;2
397;0
398;1
399;1
400;1
401;0
402;0
403;1
404;0
405;2
406;0
407;0
408;0
409;0
410;0
411;0
412;1
413;0
414;1
415;1
416;0
417;0
418;3
419;0
420;2
421;1
422;0
423;5
424;0
425;0
426;0
427;2
428;0
429;1
430;0
431;0
432;2
433;0
434;0
435;0
436;0
437;0
438;2
439;1
440;0
441;0
442;0
443;1
444;2
445;0
446;0
447;0
448;0
449;1
450;1
451;1
452;4
453;0
454;1
455;1
456;0
457;0
458;0
459;0
460;3
461;0
462;2
463;0
464;0
465;0
466;0
467;0
468;0
469;2
470;0
471;0
472;1
473;0
474;0
475;2
476;0
477;0
478;0
479;1
480;0
481;2
482;1
483;0
484;0
485;1
486;0
487;7
488;0
489;0
490;1
491;0
492;1
493;3
494;0
495;1
496;1
497;0
498;0
499;2
500;2
501;0
502;0
503;0
504;0
505;0
506;0
507;0
508;4
509;0
510;0
511;0
512;0
513;0
514;0
515;2
516;0
517;0
518;1
519;1
520;0
521;2
522;0
523;3
524;0
525;1
526;1
527;0
528;1
529;2
530;0
531;0
532;0
533;0
534;1
535;2
536;0
537;0
538;1
539;1
540;0
541;1
542;0
543;0
544;1
545;2
546;3
547;0
548;0
549;0
550;1
551;0
552;0
553;4
554;1
555;1
556;2
557;1
558;2
559;2
560;0
561;0
562;0
563;0
564;2
565;0
566;1
567;0
568;0
569;1
570;1
571;0
572;0
573;0
574;0
575;2
576;0
577;2
578;0
579;2
580;0
581;0
582;0
583;0
584;0
585;3
586;3
587;0
588;0
589;0
590;0
591;0
592;1
593;1
594;1
595;0
596;0
597;0
598;0
599;0
600;1
601;1
602;2
603;0
604;0
605;1
606;0
607;1
608;0
609;0
610;0
611;0
612;0
613;0
614;2
615;1
616;0
617;0
618;0
619;1
620;0
621;0
622;0
623;0
624;2
625;0
626;0
627;0
628;0
629;0
630;0
631;0
632;0
633;1
634;3
635;1
636;0
637;0
638;0
639;0
640;3
641;0
642;2
643;1
644;0
645;0
646;0
647;1
648;0
649;1
650;0
651;0
652;1
653;0
654;0
655;1
656;0
657;0
658;2
659;1
660;0
661;1
662;0
663;0
664;0
665;0
666;0
667;0
668;0
669;3
670;1
671;0
672;0
673;1
674;1
675;0
676;1
677;1
678;0
679;1
680;2
681;0
682;2
683;1
684;0
685;0
686;0
687;0
688;0
689;3
690;0
691;0
692;0
693;0
694;0
695;3
696;1
697;0
698;0
699;0
700;0
701;2
702;0
703;0
704;1
705;4
706;1
707;0
708;0
709;0
710;0
711;0
712;2
713;0
714;1
715;0
716;0
717;1
718;1
719;1
720;1
721;0
722;0
723;0
724;0
725;0
726;0
727;2
728;0
729;1
730;0
731;1
732;0
733;4
734;2
735;0
736;0
737;0
738;1
739;0
740;0
741;0
742;0
743;0
744;0
745;1
746;1
747;1
748;0
749;0
750;0
751;0
752;0
753;0
754;2
755;0
756;0
757;0
758;0
759;1
760;1
761;0
762;3
763;1
764;1
765;0
766;0
767;0
768;0
769;0
770;0
771;0
772;2
773;0
774;0
775;0
776;4
777;0
778;2
779;0
780;1
781;0
782;1
783;3
784;0
785;0
786;2
787;4
788;1
789;0
790;2
791;0
792;0
793;0
794;0
795;0
796;0
797;2
798;0
799;0
800;0
801;1
802;0
803;0
804;3
805;2
806;0
807;0
808;1
809;0
810;0
811;0
812;0
813;2
814;0
815;1
816;0
817;0
818;0
819;0
820;0
821;2
822;0
823;0
824;0
825;0
826;0
827;0
828;0
829;0
830;0
831;0
832;1
833;0
834;1
835;4
836;0
837;1
838;0
839;1
840;0
841;2
842;0
843;3
844;0
845;5
846;2
847;0
848;0
849;0
850;0
851;4
852;0
853;1
854;0
855;0
856;0
857;1
858;1
859;1
860;0
861;0
862;0
863;0
864;0
865;0
866;0
867;0
868;0
869;2
870;0
871;0
872;1
873;2
874;0
875;0
876;0
877;0
878;4
879;0
880;0
881;1
882;0
883;0
884;0
885;0
886;0
887;1
888;0
889;1
890;0
891;1
892;1
893;1
894;0
895;2
896;0
897;1
898;0
899;2
900;0
901;1
902;3
903;1
904;1
905;1
906;0
907;1
908;0
909;0
910;0
911;1
912;3
913;2
914;2
915;1
916;1
917;0
918;1
919;1
920;0
921;0
922;0
923;0
924;0
925;0
926;0
927;0
928;0
929;0
930;1
931;0
932;0
933;0
934;3
935;0
936;0
937;1
938;0
939;2
940;0
941;0
942;1
943;1
944;0
945;1
946;0
947;2
948;1
949;0
950;0
951;0
952;0
953;0
954;1
955;3
956;2
957;0
958;1
959;0
960;2
961;1
962;1
963;2
964;0
965;1
966;0
967;2
968;0
969;1
970;1
971;3
972;0
973;2
974;0
975;0
976;0
977;2
978;0
979;2
980;0
981;0
982;1
983;0
984;1
985;0
986;0
987;1
988;0
989;2
990;0
991;0
992;1
993;0
994;1
995;2
996;0
997;0
998;1
999;0
1000;0
1001;0
1002;0
1003;1
1004;0
1005;0
1006;0
1007;0
1008;0
1009;0
1010;2
1011;0
1012;0
1013;0
1014;0
1015;1
1016;1
1017;0
1018;1
1019;0
1020;0
1021;0
1022;0
1023;0
1024;0
1025;0
1026;4
1027;0
1028;0
1029;0
1030;5
1031;1
1032;0
1033;0
1034;1
1035;0
1036;0
1037;1
1038;0
1039;0
1040;0
1041;4
1042;0
1043;0
1044;0
1045;0
1046;0
1047;0
1048;0
1049;4
1050;0
1051;0
1052;2
1053;0
1054;0
1055;0
1056;0
1057;0
1058;1
1059;4
1060;1
1061;0
1062;1
1063;0
1064;0
1065;0
1066;0
1067;1
1068;0
1069;0
1070;0
1071;1
1072;0
1073;0
1074;1
1075;0
1076;0
1077;0
1078;1
1079;0
1080;0
1081;0
1082;0
1083;3
1084;0
1085;3
1086;2
1087;0
1088;1
1089;1
1090;0
1091;2
1092;0
1093;0
1094;1
1095;3
1096;0
1097;1
1098;0
1099;1
1100;0
1101;0
1102;0
1103;2
1104;0
1105;1
1106;0
1107;0
1108;1
1109;1
1110;0
1111;3
1112;0
1113;0
1114;0
1115;1
1116;0
1117;2
1118;0
1119;0
1120;2
1121;2
1122;1
1123;0
1124;1
1125;0
1126;0
1127;2
1128;1
1129;0
1130;0
1131;0
1132;2
1133;0
1134;0
1135;1
1136;1
1137;5
1138;0
1139;0
1140;0
1141;3
1142;0
1143;0
1144;0
1145;0
1146;0
1147;0
1148;0
1149;0
1150;0
1151;0
1152;0
1153;1
1154;1
1155;1
1156;0
1157;1
1158;0
1159;1
1160;0
1161;0
1162;0
1163;0
1164;1
1165;0
1166;2
1167;0
1168;2
1169;0
1170;1
1171;2
1172;1
1173;5
1174;3
1175;0
1176;0
1177;0
1178;1
1179;0
1180;0
1181;1
1182;1
1183;0
1184;0
1185;1
1186;0
1187;0
1188;0
1189;0
1190;0
1191;1
1192;0
1193;4
1194;0
1195;0
1196;0
1197;0
1198;0
1199;0
1200;0
1201;0
1202;1
1203;3
1204;0
1205;0
1206;1
1207;0
1208;0
1209;1
1210;2
1211;0
1212;0
1213;0
1214;1
1215;0
1216;0
1217;3
1218;0
1219;0
1220;0
1221;1
1222;0
1223;1
1224;0
1225;2
1226;0
1227;0
1228;0
1229;0
1230;0
1231;0
1232;0
1233;2
1234;0
1235;1
1236;1
1237;0
1238;1
1239;0
1240;2
1241;0
1242;4
1243;2
1244;1
1245;2
1246;0
1247;1
1248;2
1249;0
1250;0
1251;0
1252;0
1253;1
1254;2
1255;3
1256;0
1257;1
1258;1
1259;0
1260;0
1261;0
1262;1
1263;0
1264;1
1265;0
1266;0
1267;0
1268;0
1269;0
1270;2
1271;1
1272;0
1273;0
1274;0
1275;1
1276;0
1277;3
1278;0
1279;0
1280;1
1281;0
1282;0
1283;3
1284;0
1285;0
1286;1
1287;0
1288;1
1289;1
1290;0
1291;3
1292;3
1293;0
1294;0
1295;2
1296;0
1297;2
1298;0
1299;0
1300;0
1301;1
1302;2
1303;0
1304;0
1305;0
1306;1
1307;0
1308;0
1309;0
1310;0
1311;1
1312;0
1313;2
1314;0
1315;0
1316;1
1317;0
1318;0
1319;0
1320;0
1321;1
1322;0
1323;1
1324;0
1325;1
1326;2
1327;3
1328;1
1329;0
1330;0
1331;1
1332;0
1333;0
1334;2
1335;0
1336;0
1337;1
1338;1
1339;0
1340;1
1341;1
1342;1
1343;0
1344;1
1345;0
1346;0
1347;0
1348;0
1349;0
1350;0
1351;3
1352;0
1353;0
1354;0
1355;0
1356;0
1357;1
1358;0
1359;0
1360;1
1361;0
1362;1
1363;2
1364;0
1365;0
1366;0
1367;4
1368;2
1369;0
1370;1
1371;0
1372;0
1373;0
1374;0
1375;1
1376;0
1377;1
1378;1
1379;1
1380;0
1381;1
1382;1
1383;0
1384;0
1385;0
1386;0
1387;0
1388;0
1389;0
1390;0
1391;0
1392;0
1393;0
1394;1
1395;0
1396;1
1397;0
1398;0
1399;2
1400;1
1401;1
1402;0
1403;1
1404;0
1405;0
1406;0
1407;0
1408;0
1409;1
1410;0
1411;0
1412;0
1413;0
1414;0
1415;0
1416;0
1417;0
1418;1
1419;1
1420;0
1421;0
1422;0
1423;0
1424;1
1425;0
1426;0
1427;1
1428;1
1429;1
1430;0
1431;0
1432;3
1433;0
1434;0
1435;0
1436;0
1437;2
1438;1
1439;0
1440;1
1441;0
1442;0
1443;1
1444;2
1445;0
1446;1
1447;0
1448;2
1449;4
1450;3
1451;1
1452;0
1453;1
1454;2
1455;0
1456;0
1457;2
1458;0
1459;0
1460;2
1461;0
1462;3
1463;0
1464;1
1465;0
1466;0
1467;1
1468;0
1469;0
1470;1
1471;0
1472;3
1473;1
1474;0
1475;2
1476;1
1477;2
1478;0
1479;0
1480;0
1481;5
1482;0
1483;0
1484;0
1485;1
1486;0
1487;3
1488;0
1489;2
1490;0
1491;2
1492;1
1493;1
1494;2
1495;1
1496;0
1497;0
1498;2
1499;0
1500;2
1501;0
1502;0
1503;1
1504;2
1505;0
1506;1
1507;0
1508;0
1509;1
1510;0
1511;0
1512;1
1513;0
1514;0
1515;1
1516;0
1517;1
1518;0
1519;1
1520;0
1521;1
1522;0
1523;0
1524;0
1525;1
1526;0
1527;0
1528;0
1529;0
1530;0
1531;0
1532;0
1533;0
1534;0
1535;3
1536;0
1537;0
1538;0
1539;0
1540;1
1541;1
1542;0
1543;0
1544;1
1545;2
1546;0
1547;3
1548;3
1549;0
1550;0
1551;0
1552;4
1553;1
1554;1
1555;0
1556;0
1557;1
1558;2
1559;1
1560;0
1561;2
1562;0
1563;1
1564;0
1565;3
1566;2
1567;3
1568;0
1569;2
1570;0
1571;0
1572;0
1573;0
1574;0
1575;1
1576;0
1577;0
1578;0
1579;0
1580;0
1581;1
1582;2
1583;1
1584;0
1585;1
1586;1
1587;0
1588;0
1589;0
1590;0
1591;0
1592;1
1593;0
1594;0
1595;0
1596;0
1597;0
1598;0
1599;0
1600;0
1601;0
1602;1
1603;0
1604;0
1605;0
1606;0
1607;0
1608;1
1609;0
1610;1
1611;2
1612;0
1613;0
1614;0
1615;0
1616;0
1617;4
1618;0
1619;0
1620;2
1621;0
1622;0
1623;0
1624;0
1625;1
1626;0
1627;0
1628;0
1629;0
1630;0
1631;0
1632;0
1633;3
1634;1
1635;0
1636;0
1637;1
1638;0
1639;3
1640;0
1641;0
1642;3
1643;1
1644;1
1645;0
1646;0
1647;1
1648;0
1649;0
1650;1
1651;1
1652;0
1653;0
1654;3
1655;0
1656;0
1657;1
1658;0
1659;1
1660;1
1661;0
1662;0
1663;2
1664;0
1665;0
1666;1
1667;0
1668;0
1669;0
1670;0
1671;1
1672;0
1673;0
1674;0
1675;0
1676;0
1677;0
1678;0
1679;0
1680;0
1681;0
1682;0
1683;0
1684;3
1685;1
1686;0
1687;0
1688;2
1689;0
1690;0
1691;0
1692;0
1693;1
1694;0
1695;4
1696;3
1697;5
1698;0
1699;4
1700;0
1701;0
1702;0
1703;1
1704;0
1705;0
1706;0
1707;0
1708;0
1709;0
1710;0
1711;0
1712;0
1713;0
1714;0
1715;0
1716;0
1717;0
1718;0
1719;3
1720;0
1721;1
1722;0
1723;1
1724;0
1725;0
1726;0
1727;1
1728;0
1729;0
1730;0
1731;0
1732;1
1733;1
1734;1
1735;0
1736;2
1737;0
1738;1
1739;2
1740;0
1741;0
1742;2
1743;0
1744;0
1745;0
1746;3
1747;1
1748;0
1749;0
1750;3
1751;0
1752;0
1753;1
1754;0
1755;3
1756;0
1757;0
1758;0
1759;0
1760;0
1761;0
1762;1
1763;0
1764;1
1765;0
1766;0
1767;0
1768;0
1769;0
1770;1
1771;0
1772;0
1773;1
1774;1
1775;0
1776;3
1777;2
1778;0
1779;3
1780;0
1781;1
1782;2
1783;0
1784;0
1785;0
1786;0
1787;1
1788;0
1789;0
1790;1
1791;0
1792;2
1793;0
1794;0
1795;0
1796;0
1797;2
1798;2
1799;0
1800;0
1801;0
1802;2
1803;0
1804;0
1805;1
1806;0
1807;0
1808;0
1809;0
1810;0
1811;0
1812;0
1813;1
1814;0
1815;0
1816;0
1817;0
1818;2
1819;0
1820;0
1821;1
1822;0
1823;1
1824;1
1825;1
1826;0
1827;1
1828;0
1829;0
1830;0
1831;0
1832;1
1833;0
1834;0
1835;0
1836;0
1837;0
1838;0
1839;1
1840;0
1841;0
1842;0
1843;0
1844;0
1845;0
1846;0
1847;0
1848;0
1849;0
1850;1
1851;1
1852;0
1853;0
1854;0
1855;0
1856;1
1857;0
1858;1
1859;0
1860;0
1861;0
1862;1
1863;0
1864;2
1865;3
1866;0
1867;1
1868;0
1869;0
1870;0
1871;3
1872;0
1873;0
1874;0
1875;0
1876;0
1877;1
1878;0
1879;0
1880;0
1881;1
1882;0
1883;1
1884;0
1885;0
1886;0
1887;0
1888;2
1889;0
1890;0
1891;2
1892;0
1893;0
1894;1
1895;0
1896;0
1897;0
1898;1
1899;0
1900;0
1901;0
1902;0
1903;3
1904;0
1905;1
1906;1
1907;0
1908;1
1909;0
1910;1
1911;1
1912;0
1913;2
1914;3
1915;1
1916;0
1917;0
1918;3
1919;0
1920;0
1921;2
1922;0
1923;0
1924;0
1925;2
1926;0
1927;0
1928;0
1929;2
1930;0
1931;0
1932;0
1933;2
1934;0
1935;0
1936;2
1937;1
1938;1
1939;0
1940;2
1941;1
1942;0
1943;0
1944;1
1945;1
1946;1
1947;0
1948;1
1949;0
1950;1
1951;0
1952;1
1953;0
1954;0
1955;0
1956;1
1957;0
1958;4
1959;0
1960;0
1961;0
1962;0
1963;0
1964;0
1965;2
1966;0
1967;2
1968;1
1969;0
1970;0
1971;0
1972;0
1973;1
1974;1
1975;0
1976;3
1977;0
1978;0
1979;1
1980;0
1981;1
1982;1
1983;0
1984;1
1985;0
1986;0
1987;0
1988;0
1989;0
1990;1
1991;3
1992;0
1993;0
1994;1
1995;2
1996;0
1997;1
1998;0
1999;0
2000;0
2001;0
2002;0
2003;0
2004;0
2005;3
2006;1
2007;2
2008;0
2009;0
2010;2
2011;0
2012;1
2013;6
2014;0
2015;0
2016;1
2017;0
2018;1
2019;3
2020;0
2021;1
2022;2
2023;0
2024;2
2025;0
2026;0
2027;0
2028;0
2029;1
2030;0
2031;0
2032;0
2033;1
2034;0
2035;1
2036;1
2037;0
2038;0
2039;2
2040;5
2041;0
2042;1
2043;1
2044;0
2045;2
2046;0
2047;2
2048;0
2049;0
2050;0
2051;0
2052;1
2053;0
2054;0
2055;0
2056;2
2057;2
2058;1
2059;0
2060;0
2061;0
2062;0
2063;0
2064;1
2065;0
2066;0
2067;0
2068;0
2069;0
2070;0
2071;0
2072;0
2073;1
2074;0
2075;0
2076;0
2077;0
2078;2
2079;0
2080;0
2081;0
2082;0
2083;1
2084;1
2085;0
2086;0
2087;1
2088;0
2089;6
2090;0
2091;0
2092;1
2093;0
2094;0
2095;1
2096;0
2097;0
2098;0
2099;1
2100;1
2101;0
2102;0
2103;0
2104;1
2105;0
2106;2
2107;0
2108;0
2109;0
2110;0
2111;4
2112;0
2113;2
2114;0
2115;0
2116;0
2117;0
2118;0
2119;1
2120;0
2121;0
2122;2
2123;0
2124;1
2125;0
2126;0
2127;1
2128;3
2129;0
2130;1
2131;1
2132;1
2133;0
2134;1
2135;0
2136;2
2137;0
2138;0
2139;0
2140;0
2141;0
2142;0
2143;0
2144;0
2145;0
2146;1
2147;0
2148;0
2149;1
2150;1
2151;1
2152;1
2153;0
2154;0
2155;0
2156;0
2157;0
2158;1
2159;0
2160;0
2161;0
2162;1
2163;0
2164;1
2165;0
2166;0
2167;0
2168;0
2169;0
2170;0
2171;0
2172;0
2173;3
2174;0
2175;0
2176;1
2177;0
2178;0
2179;1
2180;0
2181;1
2182;2
2183;1
2184;0
2185;2
2186;1
2187;1
2188;3
2189;0
2190;2
2191;0
2192;1
2193;0
2194;0
2195;1
2196;3
2197;0
2198;0
2199;0
2200;1
2201;2
2202;1
2203;0
2204;0
2205;2
2206;0
2207;0
2208;0
2209;1
2210;0
2211;3
2212;0
2213;0
2214;1
2215;0
2216;1
2217;0
2218;0
2219;0
2220;1
2221;0
2222;0
2223;0
2224;1
2225;3
2226;0
2227;1
2228;0
2229;1
2230;1
2231;0
2232;1
2233;0
2234;3
2235;1
2236;0
2237;0
2238;1
2239;0
2240;0
2241;1
2242;1
2243;0
2244;1
2245;2
2246;0
2247;0
2248;0
2249;0
2250;0
2251;0
2252;0
2253;0
2254;0
2255;2
2256;1
2257;1
2258;0
2259;0
2260;0
2261;1
2262;0
2263;0
2264;0
2265;0
2266;0
2267;0
2268;0
2269;0
2270;1
2271;0
2272;0
2273;0
2274;0
2275;0
2276;1
2277;0
2278;4
2279;2
2280;1
2281;2
2282;0
2283;0
2284;0
2285;1
2286;3
2287;0
2288;0
2289;0
2290;0
2291;0
2292;0
2293;0
2294;0
2295;0
2296;0
2297;0
2298;1
2299;0
2300;2
2301;0
2302;1
2303;2
2304;1
2305;1
2306;0
2307;1
2308;0
2309;0
2310;1
2311;0
2312;0
2313;0
2314;2
2315;0
2316;1
2317;0
2318;2
2319;2
2320;0
2321;0
2322;0
2323;0
2324;1
2325;0
2326;1
2327;0
2328;0
2329;0
2330;1
2331;0
2332;1
2333;2
2334;2
2335;0
2336;3
2337;0
2338;0
2339;6
2340;0
2341;0
2342;1
2343;1
2344;0
2345;1
2346;0
2347;0
2348;0
2349;0
2350;0
2351;0
2352;1
2353;2
2354;1
2355;0
2356;2
2357;4
2358;0
2359;0
2360;1
2361;0
2362;1
2363;0
2364;0
2365;0
2366;0
2367;2
2368;1
2369;0
2370;0
2371;0
2372;2
2373;1
2374;0
2375;0
2376;1
2377;1
2378;0
2379;2
2380;0
2381;3
2382;0
2383;0
2384;0
2385;0
2386;0
2387;2
2388;0
2389;0
2390;0
2391;0
2392;0
2393;0
2394;0
2395;0
2396;0
2397;1
2398;0
2399;0
2400;1
2401;1
2402;0
2403;0
2404;0
2405;1
2406;0
2407;0
2408;0
2409;2
2410;2
2411;0
2412;1
2413;0
2414;0
2415;0
2416;1
2417;1
2418;1
2419;0
2420;0
2421;0
2422;0
2423;0
2424;0
2425;1
2426;2
2427;2
2428;1
2429;3
2430;0
2431;1
2432;0
2433;0
2434;1
2435;0
2436;0
2437;0
2438;0
2439;0
2440;2
2441;2
2442;0
2443;0
2444;0
2445;0
2446;1
2447;0
2448;2
2449;0
2450;0
2451;1
2452;0
2453;0
2454;0
2455;5
2456;3
2457;1
2458;2
2459;1
2460;2
2461;0
2462;3
2463;0
2464;0
2465;0
2466;0
2467;0
2468;1
1;0
2;0
3;2
4;1
5;0
6;0
7;0
8;1
9;0
10;0
11;0
12;0
13;1
14;0
15;0
16;0
17;3
18;1
19;0
20;2
21;0
22;0
23;0
24;1
25;0
26;0
27;1
28;0
29;1
30;0
31;0
32;0
33;2
34;0
35;0
36;0
37;1
38;1
39;1
40;0
41;1
42;0
43;0
44;0
45;0
46;2
47;0
48;1
49;0
50;0
51;0
52;0
53;0
54;0
55;0
56;0
57;1
58;1
59;1
60;0
61;1
62;1
63;1
64;1
65;0
66;0
67;1
68;0
69;0
70;0
71;0
72;0
73;0
74;0
75;0
76;0
77;0
78;1
79;0
80;0
81;1
82;0
83;1
84;2
85;0
86;2
87;0
88;1
89;1
90;2
91;0
92;0
93;0
94;1
95;2
96;0
97;0
98;1
99;0
100;1
101;1
102;0
103;0
104;0
105;2
106;2
107;0
108;0
109;0
110;0
111;0
112;0
113;0
114;0
115;0
116;0
117;0
118;3
119;0
120;2
121;0
122;0
123;1
124;0
125;1
126;2
127;1
128;0
129;0
130;0
131;0
132;1
133;4
134;0
135;0
136;1
137;2
138;0
139;0
140;1
141;1
142;0
143;2
144;0
145;0
146;2
147;0
148;0
149;1
150;0
151;0
152;0
153;1
154;0
155;0
156;0
157;2
158;0
159;1
160;0
161;1
162;0
163;0
164;0
165;0
166;2
167;0
168;1
169;1
170;0
171;0
172;2
173;0
174;1
175;0
176;0
177;0
178;0
179;2
180;0
181;0
182;0
183;0
184;1
185;0
186;2
187;0
188;0
189;0
190;0
191;0
192;0
193;0
194;2
195;0
196;1
197;1
198;1
199;0
200;0
201;0
202;1
203;1
204;0
205;1
206;0
207;1
208;0
209;0
210;3
211;0
212;1
213;2
214;0
215;0
216;0
217;0
218;0
219;1
220;0
221;2
222;0
223;0
224;1
225;0
226;0
227;0
228;3
229;0
230;1
231;1
232;2
233;0
234;0
235;2
236;3
237;1
238;0
239;3
240;1
241;0
242;0
243;0
244;3
245;0
246;0
247;0
248;4
249;0
250;0
251;2
252;4
253;0
254;3
255;0
256;0
257;0
258;0
259;2
260;6
261;0
262;1
263;1
264;1
265;0
266;0
267;0
268;0
269;0
270;0
271;0
272;3
273;3
274;0
275;0
276;1
277;0
278;0
279;0
280;1
281;0
282;2
283;1
284;1
285;0
286;1
287;0
288;0
289;1
290;0
291;0
292;0
293;0
294;0
295;1
296;0
297;0
298;1
299;1
300;0
301;0
302;2
303;0
304;2
305;0
306;0
307;3
308;0
309;1
310;1
311;0
312;2
313;1
314;0
315;1
316;2
317;0
318;0
319;0
320;0
321;0
322;3
323;1
324;0
325;0
326;2
327;3
328;0
329;3
330;0
331;1
332;1
333;0
334;0
335;4
336;2
337;1
338;2
339;0
340;0
341;2
342;0
343;0
344;1
345;1
346;1
347;0
348;5
349;1
350;0
351;1
352;0
353;0
354;0
355;1
356;0
357;0
358;0
359;0
360;1
361;0
362;0
363;2
364;1
365;0
366;0
367;0
368;0
369;0
370;0
371;1
372;0
373;0
374;0
375;2
376;0
377;1
378;1
379;0
380;0
381;1
382;0
383;2
384;0
385;6
386;0
387;0
388;0
389;0
390;0
391;0
392;0
393;1
394;1
395;0
396;0
397;2
398;0
399;0
400;1
401;0
402;0
403;1
404;1
405;1
406;0
407;0
408;0
409;0
410;2
411;1
412;0
413;0
414;1
415;0
416;0
417;0
418;1
419;0
420;1
421;0
422;1
423;1
424;1
425;1
426;0
427;0
428;0
429;0
430;0
431;0
432;0
433;0
434;0
435;0
436;1
437;3
438;1
439;4
440;0
441;0
442;0
443;3
444;0
445;0
446;1
447;0
448;0
449;3
450;1
451;1
452;2
453;1
454;1
455;0
456;0
457;0
458;0
459;0
460;1
461;0
462;0
463;0
464;1
465;0
466;1
467;0
468;0
469;1
470;1
471;0
472;1
473;0
474;2
475;0
476;3
477;0
478;0
479;0
480;2
481;0
482;0
483;0
484;0
485;0
486;1
487;1
488;0
489;0
490;4
491;1
492;0
493;2
494;0
495;1
496;0
497;0
498;2
499;3
500;2
501;0
502;1
503;0
504;1
505;2
506;1
507;1
508;2
509;1
510;3
511;4
512;1
513;0
514;0
515;0
516;1
517;1
518;0
519;0
520;1
521;0
522;0
523;1
524;0
525;0
526;0
527;0
528;0
529;0
530;0
531;0
532;0
533;3
534;3
535;0
536;0
537;0
538;0
539;0
540;0
541;1
542;0
543;0
544;0
545;1
546;0
547;1
548;1
549;1
550;0
551;0
552;0
553;0
554;1
555;0
556;1
557;0
558;3
559;0
560;0
561;0
562;0
563;0
564;2
565;3
566;0
567;1
568;3
569;3
570;0
571;1
572;1
573;1
574;0
575;0
576;0
577;2
578;0
579;0
580;0
581;1
582;3
583;0
584;0
585;0
586;1
587;0
588;1
589;0
590;1
591;0
592;1
593;0
594;0
595;0
596;1
597;0
598;0
599;1
600;0
601;0
602;0
603;0
604;0
605;0
606;0
607;0
608;0
609;0
610;0
611;0
612;0
613;1
614;1
615;0
616;3
617;0
618;0
619;1
620;1
621;1
622;0
623;1
624;0
625;0
626;0
627;1
628;1
629;0
630;0
631;1
632;1
633;3
634;0
635;1
636;1
637;1
638;0
639;0
640;1
641;1
642;1
643;1
644;0
645;0
646;1
647;2
648;0
649;1
650;2
651;0
652;0
653;0
654;1
655;0
656;1
657;0
658;1
659;1
660;0
661;1
662;0
663;0
664;3
665;0
666;2
667;1
668;0
669;1
670;1
671;3
672;0
673;1
674;0
675;0
676;0
677;1
678;2
679;0
680;0
681;0
682;0
683;0
684;0
685;1
686;0
687;0
688;0
689;0
690;1
691;0
692;0
693;1
694;0
695;0
696;0
697;3
698;0
699;0
700;2
701;0
702;0
703;2
704;0
705;0
706;0
707;0
708;1
709;0
710;2
711;0
712;0
713;1
714;0
715;0
716;0
717;0
718;0
719;1
720;0
721;1
722;0
723;1
724;0
725;0
726;0
727;0
728;0
729;1
730;0
731;3
732;0
733;1
734;0
735;0
736;1
737;0
738;0
739;0
740;0
741;1
742;0
743;0
744;0
745;0
746;2
747;0
748;0
749;0
750;1
751;2
752;0
753;0
754;3
755;5
756;0
757;2
758;1
759;8
760;0
761;0
762;2
763;0
764;0
765;0
766;1
767;0
768;0
769;0
770;1
771;0
772;1
773;0
774;2
775;5
776;0
777;1
778;0
779;0
780;1
781;0
782;0
783;1
784;0
785;1
786;0
787;0
788;1
789;1
790;0
791;0
792;1
793;2
794;0
795;3
796;0
797;0
798;0
799;0
800;0
801;0
802;0
803;3
804;0
805;2
806;1
807;0
808;1
809;1
810;0
811;0
812;0
813;0
814;3
815;0
816;1
817;0
818;1
819;1
820;1
821;0
822;0
823;0
824;2
825;1
826;2
827;1
828;0
829;2
830;0
831;1
832;0
833;0
834;1
835;1
836;0
837;0
838;0
839;0
840;3
841;0
842;1
843;0
844;1
845;1
846;0
847;0
848;0
849;1
850;2
851;1
852;3
853;0
854;2
855;0
856;1
857;3
858;0
859;0
860;1
861;0
862;0
863;0
864;1
865;1
866;3
867;0
868;2
869;0
870;1
871;1
872;0
873;1
874;0
875;1
876;1
877;0
878;0
879;2
880;0
881;0
882;0
883;0
884;1
885;1
886;0
887;1
888;0
889;2
890;0
891;0
892;0
893;0
894;1
895;1
896;0
897;2
898;1
899;1
900;1
901;0
902;4
903;0
904;0
905;0
906;0
907;0
908;3
909;0
910;0
911;3
912;1
913;1
914;1
915;0
916;0
917;0
918;0
919;0
920;1
921;1
922;1
923;5
924;0
925;0
926;0
927;0
928;0
929;0
930;0
931;2
932;2
933;1
934;1
935;1
936;0
937;0
938;1
939;1
940;0
941;1
942;0
943;0
944;1
945;1
946;2
947;2
948;3
949;0
950;0
951;2
952;1
953;0
954;3
955;0
956;0
957;0
958;0
959;0
960;0
961;0
962;0
963;0
964;1
965;2
966;0
967;0
968;1
969;0
970;0
971;2
972;0
973;0
974;1
975;3
976;0
977;1
978;2
979;1
980;0
981;2
982;0
983;0
984;0
985;3
986;0
987;0
988;1
989;2
990;1
991;0
992;0
993;0
994;0
995;1
996;0
997;1
998;0
999;0
1000;0
1001;0
1002;2
1003;7
1004;0
1005;0
1006;0
1007;0
1008;0
1009;1
1010;0
1011;0
1012;0
1013;0
1014;0
1015;0
1016;0
1017;3
1018;0
1019;1
1020;0
1021;0
1022;1
1023;1
1024;0
1025;0
1026;0
1027;0
1028;1
1029;0
1030;1
1031;2
1032;0
1033;0
1034;1
1035;0
1036;0
1037;1
1038;1
1039;1
1040;3
1041;0
1042;1
1043;0
1044;4
1045;0
1046;0
1047;1
1048;0
1049;0
1050;0
1051;0
1052;0
1053;1
1054;0
1055;2
1056;0
1057;0
1058;0
1059;1
1060;0
1061;0
1062;2
1063;0
1064;0
1065;0
1066;0
1067;2
1068;0
1069;1
1070;0
1071;0
1072;0
1073;0
1074;1
1075;0
1076;0
1077;1
1078;1
1079;0
1080;0
1081;0
1082;0
1083;0
1084;0
1085;0
1086;1
1087;0
1088;0
1089;1
1090;0
1091;0
1092;1
1093;0
1094;3
1095;0
1096;1
1097;0
1098;0
1099;1
1100;0
1101;0
1102;0
1103;0
1104;0
1105;0
1106;0
1107;2
1108;0
1109;1
1110;0
1111;0
1112;0
1113;0
1114;0
1115;0
1116;0
1117;2
1118;1
1119;0
1120;0
1121;0
1122;1
1123;0
1124;0
1125;3
1126;3
1127;3
1128;0
1129;0
1130;1
1131;0
1132;0
1133;1
1134;0
1135;1
1136;0
1137;2
1138;1
1139;4
1140;0
1141;0
1142;0
1143;0
1144;0
1145;0
1146;2
1147;0
1148;0
1149;1
1150;0
1151;0
1152;0
1153;0
1154;0
1155;0
1156;0
1157;0
1158;0
1159;1
1160;0
1161;1
1162;5
1163;0
1164;1
1165;1
1166;0
1167;0
1168;0
1169;0
1170;1
1171;0
1172;0
1173;0
1174;2
1175;0
1176;0
1177;0
1178;0
1179;0
1180;0
1181;1
1182;0
1183;1
1184;1
1185;0
1186;3
1187;0
1188;1
1189;1
1190;2
1191;2
1192;0
1193;0
1194;0
1195;0
1196;0
1197;0
1198;0
1199;0
1200;0
1201;0
1202;0
1203;1
1204;1
1205;0
1206;0
1207;0
1208;0
1209;0
1210;1
1211;0
1212;0
1213;0
1214;1
1215;0
1216;0
1217;0
1218;0
1219;1
1220;1
1221;0
1222;0
1223;0
1224;1
1225;0
1226;0
1227;0
1228;0
1229;0
1230;0
1231;0
1232;0
1233;0
1234;1
1235;0
1236;0
1237;1
1238;0
1239;2
1240;2
1241;0
1242;0
1243;0
1244;1
1245;3
1246;0
1247;0
1248;1
1249;0
1250;0
1251;1
1252;1
1253;0
1254;2
1255;0
1256;1
1257;0
1258;1
1259;0
1260;1
1261;0
1262;0
1263;0
1264;0
1265;1
1266;0
1267;0
1268;0
1269;0
1270;0
1271;0
1272;1
1273;3
1274;1
1275;0
1276;0
1277;0
1278;1
1279;0
1280;1
1281;0
1282;1
1283;1
1284;1
1285;0
1286;1
1287;1
1288;0
1289;0
1290;0
1291;0
1292;0
1293;5
1294;0
1295;1
1296;0
1297;0
1298;0
1299;0
1300;0
1301;0
1302;0
1303;0
1304;0
1305;1
1306;0
1307;0
1308;1
1309;1
1310;1
1311;0
1312;1
1313;2
1314;2
1315;0
1316;2
1317;0
1318;1
1319;0
1320;0
1321;1
1322;0
1323;1
1324;0
1325;0
1326;3
1327;0
1328;0
1329;1
1330;0
1331;0
1332;0
1333;0
1334;0
1335;0
1336;0
1337;0
1338;0
1339;0
1340;0
1341;0
1342;0
1343;0
1344;0
1345;0
1346;0
1347;1
1348;0
1349;5
1350;1
1351;0
1352;0
1353;1
1354;1
1355;3
1356;0
1357;1
1358;1
1359;2
1360;1
1361;0
1362;0
1363;1
1364;0
1365;0
1366;0
1367;0
1368;0
1369;1
1370;0
1371;0
1372;1
1373;3
1374;0
1375;0
1376;1
1377;1
1378;2
1379;0
1380;0
1381;0
1382;2
1383;1
1384;0
1385;0
1386;2
1387;1
1388;2
1389;3
1390;0
1391;0
1392;1
1393;1
1394;0
1395;0
1396;1
1397;0
1398;0
1399;0
1400;1
1401;0
1402;0
1403;0
1404;3
1405;0
1406;1
1407;1
1408;0
1409;0
1410;1
1411;0
1412;0
1413;4
1414;0
1415;0
1416;1
1417;0
1418;0
1419;1
1420;1
1421;0
1422;0
1423;0
1424;0
1425;0
1426;0
1427;1
1428;0
1429;0
1430;1
1431;0
1432;0
1433;0
1434;0
1435;0
1436;1
1437;0
1438;0
1439;0
1440;5
1441;0
1442;0
1443;0
1444;2
1445;0
1446;0
1447;2
1448;0
1449;0
1450;0
1451;4
1452;2
1453;1
1454;0
1455;0
1456;2
1457;0
1458;0
1459;0
1460;1
1461;0
1462;1
1463;0
1464;0
1465;0
1466;1
1467;1
1468;2
1469;0
1470;0
1471;0
1472;0
1473;1
1474;2
1475;0
1476;1
1477;0
1478;1
1479;1
1480;0
1481;0
1482;1
1483;0
1484;1
1485;0
1486;3
1487;1
1488;0
1489;0
1490;2
1491;3
1492;1
1493;1
1494;0
1495;3
1496;0
1497;2
1498;0
1499;1
1500;0
1501;0
1502;0
1503;0
1504;0
1505;0
1506;1
1507;2
1508;1
1509;0
1510;1
1511;0
1512;0
1513;0
1514;1
1515;0
1516;1
1517;0
1518;0
1519;1
1520;1
1521;0
1522;1
1523;0
1524;0
1525;1
1526;1
1527;0
1528;0
1529;2
1530;0
1531;0
1532;0
1533;0
1534;2
1535;2
1536;0
1537;1
1538;0
1539;0
1540;2
1541;0
1542;5
1543;1
1544;1
1545;0
1546;0
1547;0
1548;0
1549;1
1550;0
1551;1
1552;0
1553;3
1554;0
1555;1
1556;0
1557;0
1558;0
1559;1
1560;2
1561;0
1562;0
1563;0
1564;0
1565;4
1566;1
1567;0
1568;0
1569;0
1570;1
1571;2
1572;0
1573;1
1574;3
1575;1
1576;0
1577;1
1578;1
1579;0
1580;2
1581;2
1582;0
1583;0
1584;0
1585;0
1586;1
1587;0
1588;0
1589;1
1590;0
1591;0
1592;1
1593;0
1594;1
1595;1
1596;0
1597;1
1598;0
1599;1
1600;2
1601;1
1602;0
1603;0
1604;0
1605;0
1606;1
1607;2
1608;0
1609;0
1610;0
1611;0
1612;1
1613;1
1614;0
1615;0
1616;0
1617;1
1618;2
1619;2
1620;0
1621;0
1622;1
1623;2
1624;0
1625;0
1626;0
1627;0
1628;0
1629;0
1630;0
1631;0
1632;0
1633;2
1634;1
1635;0
1636;0
1637;1
1638;1
1639;0
1640;0
1641;0
1642;1
1643;0
1644;1
1645;0
1646;0
1647;1
1648;3
1649;0
1650;0
1651;2
1652;0
1653;1
1654;0
1655;0
1656;3
1657;0
1658;0
1659;0
1660;0
1661;0
1662;3
1663;1
1664;0
1665;2
1666;1
1667;0
1668;0
1669;0
1670;1
1671;0
1672;0
1673;4
1674;0
1675;0
1676;1
1677;0
1678;0
1679;1
1680;0
1681;0
1682;1
1683;0
1684;1
1685;3
1686;0
1687;1
1688;0
1689;1
1690;1
1691;0
1692;0
1693;0
1694;0
1695;1
1696;0
1697;0
1698;0
1699;2
1700;0
1701;1
1702;1
1703;0
1704;0
1705;0
1706;0
1707;0
1708;3
1709;0
1710;0
1711;1
1712;0
1713;3
1714;1
1715;0
1716;2
1717;1
1718;0
1719;0
1720;3
1721;0
1722;0
1723;1
1724;1
1725;1
1726;0
1727;0
1728;2
1729;0
1730;0
1731;0
1732;0
1733;0
1734;0
1735;0
1736;0
1737;1
1738;0
1739;0
1740;1
1741;1
1742;1
1743;0
1744;0
1745;3
1746;0
1747;0
1748;1
1749;0
1750;1
1751;1
1752;1
1753;0
1754;1
1755;0
1756;0
1757;1
1758;1
1759;0
1760;0
1761;0
1762;2
1763;0
1764;0
1765;0
1766;2
1767;0
1768;0
1769;1
1770;0
1771;1
1772;0
1773;0
1774;0
1775;2
1776;0
1777;0
1778;0
1779;0
1780;0
1781;1
1782;0
1783;2
1784;2
1785;0
1786;0
1787;0
1788;0
1789;0
1790;0
1791;0
1792;1
1793;1
1794;1
1795;0
1796;0
1797;2
1798;2
1799;0
1800;0
1801;0
1802;1
1803;1
1804;0
1805;0
1806;0
1807;0
1808;2
1809;0
1810;0
1811;0
1812;0
1813;0
1814;0
1815;0
1816;3
1817;0
1818;0
1819;0
1820;0
1821;0
1822;0
1823;0
1824;0
1825;0
1826;0
1827;1
1828;0
1829;0
1830;0
1831;0
1832;0
1833;1
1834;0
1835;0
1836;1
1837;0
1838;1
1839;0
1840;2
1841;0
1842;1
1843;0
1844;0
1845;0
1846;1
1847;0
1848;0
1849;0
1850;0
1851;0
1852;0
1853;1
1854;2
1855;0
1856;0
1857;0
1858;1
1859;0
1860;0
1861;0
1862;1
1863;0
1864;0
1865;1
1866;1
1867;0
1868;1
1869;2
1870;2
1871;0
1872;0
1873;2
1874;0
1875;0
1876;3
1877;0
1878;1
1879;0
1880;1
1881;0
1882;0
1883;1
1884;0
1885;0
1886;1
1887;0
1888;0
1889;0
1890;1
1891;0
1892;3
1893;0
1894;0
1895;0
1896;0
1897;3
1898;0
1899;0
1900;1
1901;0
1902;0
1903;2
1904;1
1905;0
1906;1
1907;3
1908;0
1909;0
1910;1
1911;0
1912;1
1913;0
1914;0
1915;0
1916;1
1917;0
1918;0
1919;0
1920;0
1921;0
1922;1
1923;0
1924;1
1925;0
1926;1
1927;0
1928;0
1929;0
1930;1
1931;0
1932;0
1933;0
1934;0
1935;3
1936;0
1937;1
1938;0
1939;1
1940;0
1941;1
1942;0
1943;0
1944;0
1945;1
1946;1
1947;1
1948;0
1949;0
1950;0
1951;0
1952;0
1953;0
1954;0
1955;0
1956;0
1957;0
1958;1
1959;0
1960;0
1961;0
1962;0
1963;0
1964;0
1965;0
1966;0
1967;0
1968;0
1969;0
1970;2
1971;2
1972;1
1973;0
1974;0
1975;1
1976;0
1977;0
1978;2
1979;1
1980;0
1981;0
1982;0
1983;0
1984;0
1985;0
1986;0
1987;0
1988;0
1989;3
1990;0
1991;0
1992;0
1993;1
1994;0
1995;0
1996;0
1997;0
1998;0
1999;1
2000;0
2001;1
2002;0
2003;2
2004;0
2005;0
2006;4
2007;0
2008;2
2009;0
2010;0
2011;0
2012;0
2013;0
2014;0
2015;0
2016;0
2017;0
2018;0
2019;1
2020;0
2021;0
2022;0
2023;0
2024;1
2025;0
2026;0
2027;0
2028;1
2029;0
2030;3
2031;1
2032;2
2033;2
2034;0
2035;1
2036;4
2037;1
2038;1
2039;3
2040;1
2041;0
2042;0
2043;1
2044;0
2045;0
2046;0
2047;1
2048;0
2049;0
2050;0
2051;0
2052;2
2053;0
2054;0
2055;0
2056;1
2057;1
2058;0
2059;0
2060;0
2061;0
2062;1
2063;1
2064;0
2065;0
2066;2
2067;0
2068;2
2069;1
2070;3
2071;0
2072;0
2073;0
2074;0
2075;0
2076;2
2077;0
2078;0
2079;0
2080;0
2081;0
2082;2
2083;0
2084;4
2085;0
2086;3
2087;0
2088;0
2089;2
2090;1
2091;1
2092;1
2093;0
2094;1
2095;1
2096;2
2097;0
2098;1
2099;0
2100;0
2101;0
2102;0
2103;0
2104;0
2105;2
2106;0
2107;0
2108;1
2109;0
2110;3
2111;1
2112;0
2113;0
2114;2
2115;0
2116;0
2117;0
2118;0
2119;1
2120;3
2121;2
2122;1
2123;0
2124;0
2125;0
2126;0
2127;0
2128;2
2129;3
2130;0
2131;1
2132;0
2133;1
2134;1
2135;0
2136;0
2137;0
2138;0
2139;0
2140;1
2141;0
2142;0
2143;0
2144;0
2145;0
2146;0
2147;0
2148;0
2149;0
2150;0
2151;0
2152;0
2153;0
2154;0
2155;0
2156;0
2157;2
2158;1
2159;0
2160;0
2161;0
2162;0
2163;0
2164;1
2165;3
2166;1
2167;2
2168;0
2169;0
2170;1
2171;1
2172;0
2173;0
2174;0
2175;0
2176;1
2177;0
2178;0
2179;0
2180;0
2181;1
2182;0
2183;0
2184;0
2185;1
2186;0
2187;1
2188;0
2189;2
2190;0
2191;1
2192;0
2193;0
2194;0
2195;0
2196;1
2197;2
2198;2
2199;2
2200;1
2201;0
2202;3
2203;2
2204;0
2205;0
2206;6
2207;0
2208;0
2209;1
2210;0
2211;2
2212;0
2213;0
2214;0
2215;0
2216;1
2217;0
2218;1
2219;0
2220;0
2221;0
2222;2
2223;0
2224;0
2225;0
2226;0
2227;2
2228;0
2229;2
2230;0
2231;0
2232;0
2233;2
2234;0
2235;0
2236;0
2237;0
2238;0
2239;0
2240;0
2241;1
2242;0
2243;0
2244;1
2245;1
2246;3
2247;0
2248;0
2249;0
2250;0
2251;0
2252;1
2253;0
2254;0
2255;0
2256;0
2257;1
2258;0
2259;0
2260;1
2261;0
2262;0
2263;0
2264;0
2265;0
2266;0
2267;0
2268;0
2269;0
2270;1
2271;0
2272;2
2273;0
2274;0
2275;0
2276;0
2277;2
2278;0
2279;0
2280;0
2281;0
2282;0
2283;2
2284;0
2285;0
2286;1
2287;0
2288;0
2289;0
2290;1
2291;0
2292;1
2293;3
2294;1
2295;0
2296;2
2297;1
2298;1
2299;1
2300;1
2301;1
2302;0
2303;0
2304;0
2305;0
2306;0
2307;0
2308;0
2309;2
2310;1
2311;0
2312;0
2313;0
2314;0
2315;0
2316;0
2317;0
2318;0
2319;1
2320;1
2321;0
2322;0
2323;0
2324;0
2325;0
2326;0
2327;0
2328;2
2329;0
2330;2
2331;1
2332;0
2333;1
2334;0
2335;0
2336;0
2337;1
2338;0
2339;1
2340;0
2341;1
2342;0
2343;0
2344;0
2345;1
2346;0
2347;1
2348;0
2349;0
2350;0
2351;0
2352;0
2353;1
2354;1
2355;0
2356;0
2357;0
2358;0
2359;0
2360;0
2361;0
2362;0
2363;0
2364;0
2365;1
2366;0
2367;0
2368;0
2369;0
2370;0
2371;0
2372;0
2373;0
2374;0
2375;1
2376;0
2377;0
2378;0
2379;1
2380;1
2381;0
2382;0
2383;0
2384;3
2385;0
2386;0
2387;0
2388;1
2389;0
2390;0
2391;1
2392;0
2393;2
2394;0
2395;0
2396;1
2397;0
2398;0
2399;0
2400;0
2401;0
2402;0
2403;0
2404;0
2405;1
2406;1
2407;0
2408;0
2409;0
2410;1
2411;1
2412;0
2413;0
2414;0
2415;0
2416;0
2417;0
2418;0
2419;2
2420;0
2421;0
2422;0
2423;0
2424;1
2425;0
2426;0
2427;0
2428;3
2429;0
2430;2
2431;1
2432;0
2433;0
2434;2
2435;0
2436;0
2437;3
2438;1
2439;0
2440;0
2441;0
2442;0
2443;0
2444;1
2445;0
2446;4
2447;1
2448;2
2449;2
2450;0
2451;0
2452;0
2453;0
2454;4
2455;3
2456;0
